var ville = {
"type": "FeatureCollection",
"name": "VilledeQuebec",
"crs": { "type": "name", "properties": { "name": "urn:ogc:def:crs:OGC:1.3:CRS84" } },
"features": [
{ "type": "Feature", "properties": { "ID": 1, "NOM": "Saint-Jean-Baptiste", "SUPERFICIE": 679518.44, "PERIMETRE": 3780.16 }, "geometry": { "type": "MultiPolygon", "coordinates": [ [ [ [ -71.333277458851981, 46.746353824009809, 0.0 ], [ -71.332834120854372, 46.745719791794585, 0.0 ], [ -71.332831832271239, 46.745716506726879, 0.0 ], [ -71.33497700758133, 46.745000711045108, 0.0 ], [ -71.336227552907317, 46.744583380236911, 0.0 ], [ -71.338135093871813, 46.744064387045235, 0.0 ], [ -71.340195891911705, 46.74350354554381, 0.0 ], [ -71.340382669288104, 46.743476479953237, 0.0 ], [ -71.341492493568481, 46.74331408774156, 0.0 ], [ -71.342854256624406, 46.743191618259971, 0.0 ], [ -71.342951276348813, 46.743118931405981, 0.0 ], [ -71.343080142883295, 46.742554736441392, 0.0 ], [ -71.343112530642898, 46.742526050799469, 0.0 ], [ -71.343149126075602, 46.742500320993457, 0.0 ], [ -71.343191965967137, 46.742478080799721, 0.0 ], [ -71.343232716316734, 46.74245444353221, 0.0 ], [ -71.343279728998823, 46.742437120647686, 0.0 ], [ -71.343329929248526, 46.742426152791445, 0.0 ], [ -71.343357583139053, 46.742418688790934, 0.0 ], [ -71.343420903444596, 46.742392231140485, 0.0 ], [ -71.34346360491422, 46.742371197399521, 0.0 ], [ -71.343512097573594, 46.742348924416291, 0.0 ], [ -71.343558078333444, 46.742330898297674, 0.0 ], [ -71.343602611151823, 46.742318208779785, 0.0 ], [ -71.343669722111073, 46.742303220610047, 0.0 ], [ -71.343687386445467, 46.742306392102883, 0.0 ], [ -71.343821237821714, 46.742256868899489, 0.0 ], [ -71.344004606501215, 46.74217445788139, 0.0 ], [ -71.344092646827448, 46.742121988496805, 0.0 ], [ -71.344187696326742, 46.742082602269249, 0.0 ], [ -71.344260820299084, 46.742038699530482, 0.0 ], [ -71.344529066252036, 46.741915105076906, 0.0 ], [ -71.344647025358029, 46.74189721303145, 0.0 ], [ -71.34477108474303, 46.741880283442129, 0.0 ], [ -71.345143065844695, 46.741800166634675, 0.0 ], [ -71.345394521360177, 46.741716944623704, 0.0 ], [ -71.345616791016212, 46.741606822192516, 0.0 ], [ -71.345727626343816, 46.74156192011008, 0.0 ], [ -71.345869529670452, 46.741428361377352, 0.0 ], [ -71.346129142360894, 46.741217614600075, 0.0 ], [ -71.346646344972058, 46.741107000359172, 0.0 ], [ -71.346919491655513, 46.741045458073224, 0.0 ], [ -71.347269415658843, 46.740991398590509, 0.0 ], [ -71.347746245178314, 46.741003710008556, 0.0 ], [ -71.347749256275776, 46.741003786663427, 0.0 ], [ -71.3477711642781, 46.740989670740838, 0.0 ], [ -71.347998894648384, 46.740819352395604, 0.0 ], [ -71.348238226142158, 46.740640364906142, 0.0 ], [ -71.348424482656938, 46.74049255656233, 0.0 ], [ -71.348505108943499, 46.740431735969068, 0.0 ], [ -71.348585844140644, 46.740400387150906, 0.0 ], [ -71.348666290248161, 46.740368968447228, 0.0 ], [ -71.349023544768855, 46.740230407767157, 0.0 ], [ -71.349080726087493, 46.740178352399134, 0.0 ], [ -71.349166510450047, 46.740100237712667, 0.0 ], [ -71.349528261896211, 46.740066541654116, 0.0 ], [ -71.35109554189728, 46.73954692441685, 0.0 ], [ -71.352038349838409, 46.738947369598961, 0.0 ], [ -71.352084849570574, 46.738917793619613, 0.0 ], [ -71.35237964220687, 46.73872625707277, 0.0 ], [ -71.352622183044119, 46.738562260638254, 0.0 ], [ -71.352810581374698, 46.738392981385225, 0.0 ], [ -71.353034010093566, 46.738192222705926, 0.0 ], [ -71.353317098454298, 46.737969274087384, 0.0 ], [ -71.353690885968717, 46.737698515296728, 0.0 ], [ -71.354247544649738, 46.737346752906781, 0.0 ], [ -71.354753312590177, 46.737072387289466, 0.0 ], [ -71.354878115746985, 46.737004061928424, 0.0 ], [ -71.354969306863183, 46.736931912133372, 0.0 ], [ -71.355110458846568, 46.736833316964749, 0.0 ], [ -71.355291441573272, 46.736769420458344, 0.0 ], [ -71.355511554056179, 46.73664459445633, 0.0 ], [ -71.355741742007723, 46.736538009635673, 0.0 ], [ -71.356161752411822, 46.736339247187843, 0.0 ], [ -71.356519780127627, 46.736173892475932, 0.0 ], [ -71.357896866292535, 46.735537678360075, 0.0 ], [ -71.358380347667818, 46.735291757799928, 0.0 ], [ -71.358837253039624, 46.735041977205505, 0.0 ], [ -71.359283547996228, 46.734577562959124, 0.0 ], [ -71.359550636915827, 46.73442103240378, 0.0 ], [ -71.359837437560884, 46.734411500569792, 0.0 ], [ -71.360270585083228, 46.734464014639009, 0.0 ], [ -71.360625611861835, 46.734403569262099, 0.0 ], [ -71.360982241463816, 46.734341113489933, 0.0 ], [ -71.36240334950287, 46.734092228697655, 0.0 ], [ -71.363748553072213, 46.733594236085239, 0.0 ], [ -71.363906831314594, 46.733545422542576, 0.0 ], [ -71.364214944496553, 46.733749026909265, 0.0 ], [ -71.364724313327528, 46.734080075245764, 0.0 ], [ -71.364906581696687, 46.734198531715883, 0.0 ], [ -71.365181949481126, 46.734377505513685, 0.0 ], [ -71.365527873737292, 46.734602313180886, 0.0 ], [ -71.36591955091184, 46.734856849029228, 0.0 ], [ -71.366352567028599, 46.73508602418476, 0.0 ], [ -71.366394454217215, 46.735108198408618, 0.0 ], [ -71.366400226899074, 46.735184310438342, 0.0 ], [ -71.366693617621465, 46.735372752423913, 0.0 ], [ -71.3668277211098, 46.735458922149085, 0.0 ], [ -71.366883581202671, 46.735494818031697, 0.0 ], [ -71.367333694568146, 46.735785117389668, 0.0 ], [ -71.36809728853197, 46.736277051847388, 0.0 ], [ -71.368116090286435, 46.736289162501706, 0.0 ], [ -71.368264587836705, 46.736384838636475, 0.0 ], [ -71.368291759361796, 46.736402346655197, 0.0 ], [ -71.368575232062724, 46.736585119250741, 0.0 ], [ -71.368774036187816, 46.736714473768856, 0.0 ], [ -71.368790962418984, 46.736725482979693, 0.0 ], [ -71.36880562747325, 46.736735024926467, 0.0 ], [ -71.368958268459949, 46.736834330289213, 0.0 ], [ -71.369263314000676, 46.737032780258374, 0.0 ], [ -71.369361342109372, 46.737096549750632, 0.0 ], [ -71.36976119302517, 46.737356669095256, 0.0 ], [ -71.370516578806246, 46.737848064924435, 0.0 ], [ -71.370552628116997, 46.737871523551568, 0.0 ], [ -71.370778402252185, 46.738018995336077, 0.0 ], [ -71.371086688276819, 46.738220375617466, 0.0 ], [ -71.37130334008954, 46.738361888120139, 0.0 ], [ -71.371315903894967, 46.738370096261697, 0.0 ], [ -71.37147490920313, 46.738473983004432, 0.0 ], [ -71.371513039091369, 46.738499008872914, 0.0 ], [ -71.371703424475442, 46.73862396010432, 0.0 ], [ -71.371905343702849, 46.738756479190315, 0.0 ], [ -71.372098230681345, 46.73888307505959, 0.0 ], [ -71.372301501251499, 46.739016500790328, 0.0 ], [ -71.372423445495386, 46.739096539998577, 0.0 ], [ -71.372506829187202, 46.739152474484243, 0.0 ], [ -71.372637732618031, 46.739240290132265, 0.0 ], [ -71.372711900094032, 46.739288674681042, 0.0 ], [ -71.372918718262426, 46.739423610660729, 0.0 ], [ -71.373071193956577, 46.739523082698611, 0.0 ], [ -71.373125653916247, 46.739558464399053, 0.0 ], [ -71.373289338653692, 46.739664822934337, 0.0 ], [ -71.373332357838891, 46.739693490463644, 0.0 ], [ -71.373380919940686, 46.739725858230919, 0.0 ], [ -71.373538415827085, 46.739828970910246, 0.0 ], [ -71.373677448826612, 46.739920007038407, 0.0 ], [ -71.373744888905406, 46.739964159924895, 0.0 ], [ -71.373951376100152, 46.74009934845688, 0.0 ], [ -71.373989282496183, 46.740124168281646, 0.0 ], [ -71.374157851242003, 46.740234536706033, 0.0 ], [ -71.374162414318917, 46.74023752468436, 0.0 ], [ -71.374364314330862, 46.740369724672426, 0.0 ], [ -71.374567750029655, 46.740502146475265, 0.0 ], [ -71.374757581923092, 46.740626790941647, 0.0 ], [ -71.37480743399216, 46.740659517096773, 0.0 ], [ -71.374959530499581, 46.740759385349371, 0.0 ], [ -71.375161466981027, 46.740891979490989, 0.0 ], [ -71.375251886995102, 46.740951348806419, 0.0 ], [ -71.375363169506528, 46.741024611049845, 0.0 ], [ -71.375564756567329, 46.741157324103227, 0.0 ], [ -71.375650682563091, 46.741213884581825, 0.0 ], [ -71.375766398559264, 46.741290135340748, 0.0 ], [ -71.375968002577636, 46.741422964504494, 0.0 ], [ -71.376169528201387, 46.741555739931862, 0.0 ], [ -71.376226566727638, 46.741593322548283, 0.0 ], [ -71.376371470474794, 46.741688322883995, 0.0 ], [ -71.376573079903878, 46.741820494186619, 0.0 ], [ -71.376766158833689, 46.741947080668304, 0.0 ], [ -71.377040362082624, 46.742126835369149, 0.0 ], [ -71.377058973198487, 46.74213904496817, 0.0 ], [ -71.37733332408159, 46.742318905789553, 0.0 ], [ -71.377626288014667, 46.742510966443909, 0.0 ], [ -71.377746500608325, 46.742589771703457, 0.0 ], [ -71.379160004373489, 46.743509162284461, 0.0 ], [ -71.379386906830902, 46.743655510734207, 0.0 ], [ -71.379638832515511, 46.743819515500725, 0.0 ], [ -71.380140866361799, 46.744144928344944, 0.0 ], [ -71.38061098940193, 46.744449640621525, 0.0 ], [ -71.380904099833344, 46.744639622503463, 0.0 ], [ -71.381237833014424, 46.744855938528261, 0.0 ], [ -71.381607254777606, 46.745095306632336, 0.0 ], [ -71.381838561789067, 46.745245286842632, 0.0 ], [ -71.382056166473177, 46.745386384668478, 0.0 ], [ -71.383148551177314, 46.746094217975127, 0.0 ], [ -71.382716776848795, 46.746172994296671, 0.0 ], [ -71.382389092959059, 46.746232802409459, 0.0 ], [ -71.382099954599184, 46.746285556071975, 0.0 ], [ -71.381810802725809, 46.746338318103497, 0.0 ], [ -71.381521663071169, 46.746391061316146, 0.0 ], [ -71.381105803193378, 46.7464668930415, 0.0 ], [ -71.380526351101807, 46.746572896993499, 0.0 ], [ -71.379844318665079, 46.747012180401327, 0.0 ], [ -71.379480463369347, 46.747246529984608, 0.0 ], [ -71.379364034742736, 46.747321520125929, 0.0 ], [ -71.379102073300402, 46.747490301462548, 0.0 ], [ -71.378609517220482, 46.747810105257074, 0.0 ], [ -71.377262440855134, 46.747974424524472, 0.0 ], [ -71.37681066604344, 46.748029527032159, 0.0 ], [ -71.376457269900271, 46.748073042493928, 0.0 ], [ -71.376161810273686, 46.748110625408863, 0.0 ], [ -71.376143777496324, 46.748114029213255, 0.0 ], [ -71.375714893578774, 46.748195105024827, 0.0 ], [ -71.375212040919195, 46.748292003080543, 0.0 ], [ -71.373631501415773, 46.749362863185468, 0.0 ], [ -71.372854557597293, 46.749804178662835, 0.0 ], [ -71.37237055156595, 46.750079087532917, 0.0 ], [ -71.37214236423533, 46.750192752560537, 0.0 ], [ -71.371855974530249, 46.750335091658087, 0.0 ], [ -71.371096986562463, 46.750713048752736, 0.0 ], [ -71.370230686897983, 46.751198470621439, 0.0 ], [ -71.369372029304969, 46.752326116189089, 0.0 ], [ -71.368469770922303, 46.753074684919909, 0.0 ], [ -71.368044353699275, 46.753426167795659, 0.0 ], [ -71.36797643283785, 46.75348164269483, 0.0 ], [ -71.36790893858101, 46.75354820702038, 0.0 ], [ -71.367697784329351, 46.753754101126582, 0.0 ], [ -71.367537613558156, 46.753910298445959, 0.0 ], [ -71.367658420481462, 46.753993445973713, 0.0 ], [ -71.367917248495587, 46.754171568703789, 0.0 ], [ -71.368110990089235, 46.754304898407881, 0.0 ], [ -71.368277476289038, 46.754419472182583, 0.0 ], [ -71.368443964830632, 46.754534045695621, 0.0 ], [ -71.368610454078009, 46.754648618959422, 0.0 ], [ -71.368776945667207, 46.754763191961516, 0.0 ], [ -71.368943436308101, 46.754877763602373, 0.0 ], [ -71.369142285598898, 46.755014604137578, 0.0 ], [ -71.369329769109015, 46.755143621608063, 0.0 ], [ -71.369498834937801, 46.755259963178453, 0.0 ], [ -71.369534489068101, 46.755284499027127, 0.0 ], [ -71.369741081200303, 46.755426650598871, 0.0 ], [ -71.369995221025903, 46.755537103225478, 0.0 ], [ -71.370524112462164, 46.755764813288451, 0.0 ], [ -71.370828311382112, 46.755896348924054, 0.0 ], [ -71.37163489153177, 46.756244193966495, 0.0 ], [ -71.373423532427068, 46.757015978714634, 0.0 ], [ -71.373511392590231, 46.757053894130735, 0.0 ], [ -71.374440831978546, 46.757454931477767, 0.0 ], [ -71.376714922492098, 46.758436108489491, 0.0 ], [ -71.37775260372517, 46.758883800134953, 0.0 ], [ -71.37789966127707, 46.758785977612028, 0.0 ], [ -71.377915746214143, 46.758775274322026, 0.0 ], [ -71.378783414137772, 46.758196121779804, 0.0 ], [ -71.379093814609334, 46.757988932191104, 0.0 ], [ -71.379618128369117, 46.757635505793353, 0.0 ], [ -71.380126806837524, 46.757292624173282, 0.0 ], [ -71.380365754376712, 46.757131538945423, 0.0 ], [ -71.381377388501548, 46.756449589306769, 0.0 ], [ -71.381797559314109, 46.756166335962945, 0.0 ], [ -71.382138317791714, 46.755936619729198, 0.0 ], [ -71.382371667236939, 46.755786963003665, 0.0 ], [ -71.382415414470358, 46.755758907419278, 0.0 ], [ -71.38246219808174, 46.755722002823468, 0.0 ], [ -71.382560603853634, 46.755655128555624, 0.0 ], [ -71.382836037247131, 46.755467918728378, 0.0 ], [ -71.383048925769046, 46.755323231588953, 0.0 ], [ -71.383402667089399, 46.755082804473098, 0.0 ], [ -71.384078047407527, 46.754623759582749, 0.0 ], [ -71.384333339608034, 46.75445023246872, 0.0 ], [ -71.384423597819108, 46.754388889423971, 0.0 ], [ -71.38453685448242, 46.754314746429564, 0.0 ], [ -71.384962349237071, 46.754619371502606, 0.0 ], [ -71.385111554884077, 46.754726184740392, 0.0 ], [ -71.389749015649812, 46.755671390931134, 0.0 ], [ -71.390084443658637, 46.755906398398906, 0.0 ], [ -71.390367040997646, 46.756099982146274, 0.0 ], [ -71.390469827088566, 46.756176390458343, 0.0 ], [ -71.390643231643196, 46.756297870404907, 0.0 ], [ -71.390888918270562, 46.756469995546617, 0.0 ], [ -71.390922583380302, 46.75649363719414, 0.0 ], [ -71.391098206466353, 46.756616961452622, 0.0 ], [ -71.391201639217456, 46.756689594527728, 0.0 ], [ -71.391307509037532, 46.75676393585767, 0.0 ], [ -71.391479234081118, 46.756886534180644, 0.0 ], [ -71.39151509183371, 46.756912128807819, 0.0 ], [ -71.391757569011503, 46.757082981576445, 0.0 ], [ -71.391932964477363, 46.757206558220687, 0.0 ], [ -71.392035900324359, 46.757279086451057, 0.0 ], [ -71.392141895888244, 46.75735376789077, 0.0 ], [ -71.39231448531504, 46.757475368596012, 0.0 ], [ -71.392351742407456, 46.757501626786187, 0.0 ], [ -71.392559775362585, 46.757648194944913, 0.0 ], [ -71.392592450022647, 46.757671223063426, 0.0 ], [ -71.392768630763911, 46.757795350076229, 0.0 ], [ -71.392870429834176, 46.757867076732921, 0.0 ], [ -71.39297756672805, 46.757942558174001, 0.0 ], [ -71.393329326142862, 46.758192137919089, 0.0 ], [ -71.393564787788407, 46.758359191089127, 0.0 ], [ -71.39372301273508, 46.758471455480532, 0.0 ], [ -71.393723481282393, 46.758471785816766, 0.0 ], [ -71.384295916706762, 46.76192977027597, 0.0 ], [ -71.393723479664857, 46.758471786953976, 0.0 ], [ -71.394198234574162, 46.758808629908259, 0.0 ], [ -71.39444949160692, 46.758986902419295, 0.0 ], [ -71.398470468637498, 46.761813837072097, 0.0 ], [ -71.400362066515981, 46.763143335960947, 0.0 ], [ -71.401059473887102, 46.763633464264203, 0.0 ], [ -71.401738193655788, 46.763345016143589, 0.0 ], [ -71.402203101154512, 46.763147414193028, 0.0 ], [ -71.402790945562586, 46.762904055962721, 0.0 ], [ -71.403797453700321, 46.762487372988595, 0.0 ], [ -71.404719514127322, 46.762105616471786, 0.0 ], [ -71.405388409851383, 46.761824619384598, 0.0 ], [ -71.405884191147649, 46.761616331181813, 0.0 ], [ -71.406093170945283, 46.76151638985511, 0.0 ], [ -71.407188271729865, 46.761043673870709, 0.0 ], [ -71.407863532439563, 46.760747227750144, 0.0 ], [ -71.409172069395254, 46.760154027297339, 0.0 ], [ -71.409480838252009, 46.760014053118915, 0.0 ], [ -71.410375991086028, 46.759612744274023, 0.0 ], [ -71.410694476991196, 46.759471016148247, 0.0 ], [ -71.411210696253875, 46.7592413193222, 0.0 ], [ -71.411555326184583, 46.759091400703014, 0.0 ], [ -71.41189122213521, 46.758943781772992, 0.0 ], [ -71.412227116242207, 46.758796161866194, 0.0 ], [ -71.412266281392007, 46.758778945206338, 0.0 ], [ -71.412604096043523, 46.758638973906095, 0.0 ], [ -71.413115039383868, 46.758427249564164, 0.0 ], [ -71.413724372716231, 46.75816777556274, 0.0 ], [ -71.414424600847099, 46.75786957973839, 0.0 ], [ -71.416215662995995, 46.757123945069566, 0.0 ], [ -71.417121709159716, 46.756757825268664, 0.0 ], [ -71.417787234048205, 46.756490268117417, 0.0 ], [ -71.418444117348571, 46.756212961232222, 0.0 ], [ -71.419327662454577, 46.755870989186164, 0.0 ], [ -71.420711913708217, 46.755335192266578, 0.0 ], [ -71.422630703385053, 46.754592450413057, 0.0 ], [ -71.422864999696159, 46.754754333831031, 0.0 ], [ -71.424421752763834, 46.755829951867597, 0.0 ], [ -71.425220771184485, 46.756381989426792, 0.0 ], [ -71.426602010503316, 46.757336257004781, 0.0 ], [ -71.426803172266574, 46.75747522556599, 0.0 ], [ -71.436604365131871, 46.764245093475388, 0.0 ], [ -71.437017830835998, 46.764530631605702, 0.0 ], [ -71.437294603169562, 46.764721753980169, 0.0 ], [ -71.439538935155923, 46.766271557964643, 0.0 ], [ -71.439894693668649, 46.766133365147134, 0.0 ], [ -71.440001494268586, 46.76620811255588, 0.0 ], [ -71.440046120611228, 46.76623935070743, 0.0 ], [ -71.440812437155572, 46.766775749453046, 0.0 ], [ -71.441286754830216, 46.767110540446517, 0.0 ], [ -71.441378312677443, 46.767172888802094, 0.0 ], [ -71.441547860786159, 46.767288340556689, 0.0 ], [ -71.441971832509282, 46.767589365184826, 0.0 ], [ -71.44242706952484, 46.767912586030484, 0.0 ], [ -71.442805657829922, 46.768181377953113, 0.0 ], [ -71.443683170287485, 46.768796037409942, 0.0 ], [ -71.447790433202201, 46.77166056897444, 0.0 ], [ -71.448062116588304, 46.771857375081169, 0.0 ], [ -71.450568498647499, 46.773608767731957, 0.0 ], [ -71.453302489757561, 46.775519003648419, 0.0 ], [ -71.455723145994696, 46.777210144421339, 0.0 ], [ -71.456844089962615, 46.778011415423009, 0.0 ], [ -71.460834102615053, 46.780871165928076, 0.0 ], [ -71.463107321088856, 46.782500420771662, 0.0 ], [ -71.466007133917344, 46.784578548136118, 0.0 ], [ -71.466303670479775, 46.784508589051775, 0.0 ], [ -71.466557414417395, 46.784461832694021, 0.0 ], [ -71.467197776932935, 46.784343822519993, 0.0 ], [ -71.472720544892596, 46.788174478928781, 0.0 ], [ -71.472907922010279, 46.788304459619305, 0.0 ], [ -71.477421304691831, 46.791375542957731, 0.0 ], [ -71.478045397811485, 46.791800152538059, 0.0 ], [ -71.478025430386651, 46.791814348681307, 0.0 ], [ -71.4798101075869, 46.79303827509613, 0.0 ], [ -71.483538837195098, 46.795595141955332, 0.0 ], [ -71.490344363314037, 46.800260901440517, 0.0 ], [ -71.493076589525984, 46.802133733633433, 0.0 ], [ -71.494745458459988, 46.803277596167952, 0.0 ], [ -71.494721458140916, 46.803281962260385, 0.0 ], [ -71.495470303717454, 46.80375258726022, 0.0 ], [ -71.496531289813106, 46.804417692152526, 0.0 ], [ -71.496993617364225, 46.804720507678205, 0.0 ], [ -71.497084281308474, 46.804777843930857, 0.0 ], [ -71.497095742631913, 46.804772013333881, 0.0 ], [ -71.497208573050827, 46.804845529913656, 0.0 ], [ -71.497193710966485, 46.804853090483604, 0.0 ], [ -71.497246505808363, 46.804889614890079, 0.0 ], [ -71.497400441709814, 46.805001619789543, 0.0 ], [ -71.497907082698774, 46.805359976367534, 0.0 ], [ -71.498255583688788, 46.80556237116523, 0.0 ], [ -71.498947615257933, 46.805935344501862, 0.0 ], [ -71.499528514936387, 46.806302977757461, 0.0 ], [ -71.500271198944802, 46.806830356629433, 0.0 ], [ -71.501027764653017, 46.807290180816352, 0.0 ], [ -71.501889704152319, 46.807842627174715, 0.0 ], [ -71.502545194871757, 46.80828112731637, 0.0 ], [ -71.503274003254077, 46.808737815053377, 0.0 ], [ -71.504340547597508, 46.809429158042754, 0.0 ], [ -71.505478845417102, 46.810180181862613, 0.0 ], [ -71.505955485189659, 46.810482016565153, 0.0 ], [ -71.507055402458974, 46.811252380448536, 0.0 ], [ -71.508345203065375, 46.812147766835857, 0.0 ], [ -71.509464887464219, 46.812907803251861, 0.0 ], [ -71.509840310884172, 46.813164407608042, 0.0 ], [ -71.510659631361179, 46.813750014101849, 0.0 ], [ -71.510829808416787, 46.813718175180647, 0.0 ], [ -71.510893075804489, 46.813760853287008, 0.0 ], [ -71.509456305331625, 46.814029663657983, 0.0 ], [ -71.509518566519986, 46.814072531325053, 0.0 ], [ -71.520276457279763, 46.821479057838843, 0.0 ], [ -71.526312369330071, 46.825633271215565, 0.0 ], [ -71.526317376282719, 46.825636716931406, 0.0 ], [ -71.526431208419567, 46.825715062606953, 0.0 ], [ -71.526426264886581, 46.825715637731193, 0.0 ], [ -71.5259926248997, 46.825766352311305, 0.0 ], [ -71.525819838269655, 46.825786559711965, 0.0 ], [ -71.525814790055293, 46.825787144744417, 0.0 ], [ -71.525809545781073, 46.825787758523219, 0.0 ], [ -71.525814644279478, 46.825791194444008, 0.0 ], [ -71.541797190628728, 46.836536756235041, 0.0 ], [ -71.541802051925487, 46.83654002266659, 0.0 ], [ -71.541917966537014, 46.836617929045396, 0.0 ], [ -71.541913169668277, 46.836618674433488, 0.0 ], [ -71.541487111681604, 46.836684942335538, 0.0 ], [ -71.540597571659632, 46.836823301448064, 0.0 ], [ -71.540163863987075, 46.836890749522482, 0.0 ], [ -71.540139410647271, 46.836894642290403, 0.0 ], [ -71.538369197348118, 46.837177306759109, 0.0 ], [ -71.536670287017259, 46.837448556286937, 0.0 ], [ -71.536598719322527, 46.837460800866587, 0.0 ], [ -71.536077255125704, 46.837549998839926, 0.0 ], [ -71.53485031040438, 46.837759856713156, 0.0 ], [ -71.534413149584566, 46.837834628270144, 0.0 ], [ -71.534123189238272, 46.837884218768629, 0.0 ], [ -71.533089282674027, 46.838050669033493, 0.0 ], [ -71.531535180210724, 46.838323683811566, 0.0 ], [ -71.531533965135637, 46.83832390168002, 0.0 ], [ -71.53153839290357, 46.838327145464113, 0.0 ], [ -71.536955466594137, 46.842312211696999, 0.0 ], [ -71.537081531891118, 46.842404955976441, 0.0 ], [ -71.538283331986591, 46.843289175461827, 0.0 ], [ -71.53935050551604, 46.84407429493416, 0.0 ], [ -71.542255408976473, 46.846211450992122, 0.0 ], [ -71.548965025984117, 46.851171971989523, 0.0 ], [ -71.549076693466048, 46.851254525042336, 0.0 ], [ -71.549072554103333, 46.851255426636008, 0.0 ], [ -71.506561621564529, 46.860450642424077, 0.0 ], [ -71.506560432953734, 46.860450904775043, 0.0 ], [ -71.506564661852153, 46.860454016316808, 0.0 ], [ -71.509479520393441, 46.862597569148704, 0.0 ], [ -71.509591302251479, 46.862679781675233, 0.0 ], [ -71.509588438478019, 46.862681642194083, 0.0 ], [ -71.493112580535509, 46.873377274481896, 0.0 ], [ -71.484836209312022, 46.878609283403307, 0.0 ], [ -71.484423672007949, 46.878870028390018, 0.0 ], [ -71.483857097638179, 46.879233943510592, 0.0 ], [ -71.483747105236375, 46.879154632509419, 0.0 ], [ -71.482983323401001, 46.878603906745617, 0.0 ], [ -71.482967595298945, 46.878592562479156, 0.0 ], [ -71.475369758579163, 46.873113172230902, 0.0 ], [ -71.475368890198226, 46.873113755396695, 0.0 ], [ -71.46958480350672, 46.877035210148691, 0.0 ], [ -71.468078802178596, 46.878056086598512, 0.0 ], [ -71.468077259925025, 46.878057143217092, 0.0 ], [ -71.467887740986953, 46.878183183231585, 0.0 ], [ -71.467617826075298, 46.878362693078145, 0.0 ], [ -71.467442047822388, 46.878479592864394, 0.0 ], [ -71.465909835891082, 46.879498574809929, 0.0 ], [ -71.465898115239114, 46.879506374575662, 0.0 ], [ -71.46490843900601, 46.880164517711655, 0.0 ], [ -71.460168234253828, 46.88331495800562, 0.0 ], [ -71.460165277597383, 46.883316917017041, 0.0 ], [ -71.460162632429615, 46.883318684492686, 0.0 ], [ -71.460165660829048, 46.883320746238816, 0.0 ], [ -71.46244260680065, 46.884865078446197, 0.0 ], [ -71.464849915290799, 46.886476539455117, 0.0 ], [ -71.467257341868716, 46.88808795753188, 0.0 ], [ -71.470149638169801, 46.890119977658543, 0.0 ], [ -71.472927707829356, 46.892071532423699, 0.0 ], [ -71.472930632240875, 46.892073594713835, 0.0 ], [ -71.47304215303069, 46.892151922356021, 0.0 ], [ -71.473039301337678, 46.89215388080482, 0.0 ], [ -71.456553248653037, 46.903468438269513, 0.0 ], [ -71.455885997707355, 46.903009721965581, 0.0 ], [ -71.455564072437426, 46.903225451007607, 0.0 ], [ -71.455089818804908, 46.903543253668161, 0.0 ], [ -71.444200562573002, 46.910838734426306, 0.0 ], [ -71.444103292260166, 46.910904156980607, 0.0 ], [ -71.43925273807308, 46.914166363321961, 0.0 ], [ -71.439168133460115, 46.914223257197399, 0.0 ], [ -71.438690568357941, 46.914544409878374, 0.0 ], [ -71.438447585567786, 46.914707795246692, 0.0 ], [ -71.438337961902079, 46.914628159172999, 0.0 ], [ -71.436410520405019, 46.913228008327785, 0.0 ], [ -71.436055687165918, 46.91297022507527, 0.0 ], [ -71.435866664382431, 46.912832921933315, 0.0 ], [ -71.435722411114767, 46.912728115956682, 0.0 ], [ -71.435468995809188, 46.912544027034166, 0.0 ], [ -71.435084800403303, 46.912264907603692, 0.0 ], [ -71.434663832347553, 46.911959080279786, 0.0 ], [ -71.434349488918215, 46.911730711809405, 0.0 ], [ -71.434082441507641, 46.911536709200384, 0.0 ], [ -71.434081856456203, 46.911536282152625, 0.0 ], [ -71.415932047760776, 46.919444732712748, 0.0 ], [ -71.414680789054884, 46.920003014420445, 0.0 ], [ -71.406152216805197, 46.923807562096734, 0.0 ], [ -71.406271720594901, 46.923935955328197, 0.0 ], [ -71.406367839992583, 46.924037184949697, 0.0 ], [ -71.406494062656208, 46.924173828296091, 0.0 ], [ -71.406573298167913, 46.924259600917573, 0.0 ], [ -71.406677189465981, 46.92436999888919, 0.0 ], [ -71.406804141816963, 46.924506213284246, 0.0 ], [ -71.406931696417871, 46.924643061499147, 0.0 ], [ -71.407218747220298, 46.924948908891153, 0.0 ], [ -71.407346903035787, 46.925085463990456, 0.0 ], [ -71.407553785850013, 46.925307003234487, 0.0 ], [ -71.407760656944703, 46.925528524198278, 0.0 ], [ -71.408047877723675, 46.925836095407156, 0.0 ], [ -71.408175554566185, 46.925972806297544, 0.0 ], [ -71.408462751069294, 46.926278658354569, 0.0 ], [ -71.408774275331041, 46.926610405700714, 0.0 ], [ -71.409189655981621, 46.927052746029425, 0.0 ], [ -71.410227215223998, 46.92815762563923, 0.0 ], [ -71.410459082506193, 46.92840452823706, 0.0 ], [ -71.410630850819743, 46.928587405296803, 0.0 ], [ -71.4106688316012, 46.928627847201696, 0.0 ], [ -71.411046501887469, 46.929029934534114, 0.0 ], [ -71.411360893152491, 46.929364674640382, 0.0 ], [ -71.41171808506391, 46.929744962890588, 0.0 ], [ -71.411927844827048, 46.929968288418536, 0.0 ], [ -71.412192748055702, 46.930250288542226, 0.0 ], [ -71.412347369151249, 46.930414911273871, 0.0 ], [ -71.412557120886873, 46.930638226695955, 0.0 ], [ -71.412976655875966, 46.931084856115241, 0.0 ], [ -71.413023360596853, 46.931134583751188, 0.0 ], [ -71.41329131148774, 46.931419813623521, 0.0 ], [ -71.413439345654268, 46.931577425346774, 0.0 ], [ -71.413605971500616, 46.93175479720513, 0.0 ], [ -71.413645575176204, 46.931796961429363, 0.0 ], [ -71.413920622018836, 46.932089761989744, 0.0 ], [ -71.414061263011192, 46.932239479231896, 0.0 ], [ -71.414476944136069, 46.93268196856296, 0.0 ], [ -71.414653501857842, 46.932869920085977, 0.0 ], [ -71.414797410460551, 46.933023100844657, 0.0 ], [ -71.414892632294311, 46.933124465297816, 0.0 ], [ -71.415092974874426, 46.933337712415081, 0.0 ], [ -71.415216956306111, 46.933469703828266, 0.0 ], [ -71.415508381880599, 46.933780065181615, 0.0 ], [ -71.416569164025418, 46.934909755114795, 0.0 ], [ -71.416763034310861, 46.935116213930392, 0.0 ], [ -71.416976266213211, 46.935337343141022, 0.0 ], [ -71.417402601375343, 46.935779448445494, 0.0 ], [ -71.418042331218828, 46.93644282196211, 0.0 ], [ -71.41825557370089, 46.93666394866505, 0.0 ], [ -71.418681929862089, 46.937106039960597, 0.0 ], [ -71.419108293226927, 46.937548138580063, 0.0 ], [ -71.419321544524706, 46.937769263193374, 0.0 ], [ -71.419534810718858, 46.937990387283115, 0.0 ], [ -71.419961188186448, 46.938432482559627, 0.0 ], [ -71.420280929139921, 46.938764006065931, 0.0 ], [ -71.420600687345342, 46.939095537521794, 0.0 ], [ -71.421560119708602, 46.940090278107085, 0.0 ], [ -71.42188000100461, 46.940421930886295, 0.0 ], [ -71.423245370940805, 46.941837443155499, 0.0 ], [ -71.423676517142866, 46.942284388853501, 0.0 ], [ -71.423999580753261, 46.94261929356103, 0.0 ], [ -71.424322635432176, 46.942954206409972, 0.0 ], [ -71.424444034333945, 46.943080055084934, 0.0 ], [ -71.424688037435672, 46.94333299278329, 0.0 ], [ -71.42718540383936, 46.945921647299663, 0.0 ], [ -71.427815785848139, 46.946575028190587, 0.0 ], [ -71.427981101802516, 46.946746370902609, 0.0 ], [ -71.429443791045585, 46.948262334646166, 0.0 ], [ -71.429536493689938, 46.948358417379829, 0.0 ], [ -71.429656071000082, 46.948482341037099, 0.0 ], [ -71.430177487832452, 46.949022719262892, 0.0 ], [ -71.430373627187606, 46.949225987518595, 0.0 ], [ -71.431477544248068, 46.950369994173322, 0.0 ], [ -71.431950100266306, 46.950859690163874, 0.0 ], [ -71.432772207651936, 46.951711594410249, 0.0 ], [ -71.432971323418741, 46.951917919594976, 0.0 ], [ -71.433395006582003, 46.952356945237241, 0.0 ], [ -71.433606890730047, 46.952576488600251, 0.0 ], [ -71.434080422526236, 46.953067157278277, 0.0 ], [ -71.434242393478968, 46.95323497357942, 0.0 ], [ -71.434516540125031, 46.953519040801289, 0.0 ], [ -71.434666097526033, 46.953673994269067, 0.0 ], [ -71.435089808378109, 46.954113004312774, 0.0 ], [ -71.435388730199193, 46.954422713187014, 0.0 ], [ -71.435513513212129, 46.954552021807665, 0.0 ], [ -71.435937251124713, 46.954991028441761, 0.0 ], [ -71.43636098286288, 46.955430033531989, 0.0 ], [ -71.437441177174037, 46.956549130281417, 0.0 ], [ -71.4376540851041, 46.956769710203915, 0.0 ], [ -71.437978501485688, 46.95710579620939, 0.0 ], [ -71.439598543577105, 46.958784033883965, 0.0 ], [ -71.440238543365723, 46.959446991206356, 0.0 ], [ -71.440654048607882, 46.95987739334948, 0.0 ], [ -71.441301609061398, 46.960548136202156, 0.0 ], [ -71.441933995847094, 46.961203157848601, 0.0 ], [ -71.441949172794722, 46.961218884300727, 0.0 ], [ -71.442357799377575, 46.961642112796689, 0.0 ], [ -71.443244361866832, 46.962560350827928, 0.0 ], [ -71.443629225163193, 46.962958949954775, 0.0 ], [ -71.444053043413803, 46.963397898402462, 0.0 ], [ -71.444928206223494, 46.964304234232522, 0.0 ], [ -71.445324565918455, 46.964714715624673, 0.0 ], [ -71.445536508525919, 46.964934227064489, 0.0 ], [ -71.446172345213967, 46.965592668955665, 0.0 ], [ -71.446230827372162, 46.965653242852945, 0.0 ], [ -71.446387935325149, 46.96581592705423, 0.0 ], [ -71.44659961848869, 46.966035132767267, 0.0 ], [ -71.446813257780619, 46.966256364043268, 0.0 ], [ -71.447540849385675, 46.967009794938882, 0.0 ], [ -71.448041128778954, 46.967527810877506, 0.0 ], [ -71.448038522601422, 46.967529064936755, 0.0 ], [ -71.43890919451367, 46.97191613433435, 0.0 ], [ -71.438860085554637, 46.971939729219642, 0.0 ], [ -71.438699282013218, 46.972016984545959, 0.0 ], [ -71.430217616034355, 46.976091499219919, 0.0 ], [ -71.420616942043182, 46.980702090776596, 0.0 ], [ -71.420541011811991, 46.980738542025058, 0.0 ], [ -71.412197488395904, 46.972326843876012, 0.0 ], [ -71.410296652684082, 46.970435536673875, 0.0 ], [ -71.409198767267597, 46.969343072887085, 0.0 ], [ -71.409197510886031, 46.969341832393809, 0.0 ], [ -71.409198725256516, 46.969339042928176, 0.0 ], [ -71.409199522611061, 46.96933723735863, 0.0 ], [ -71.409200789695177, 46.969334456470555, 0.0 ], [ -71.409202096352644, 46.969331684264397, 0.0 ], [ -71.40920342944311, 46.969328920844504, 0.0 ], [ -71.409204802259367, 46.969326175101514, 0.0 ], [ -71.409206214496507, 46.969323429045446, 0.0 ], [ -71.409207653166632, 46.969320691775657, 0.0 ], [ -71.409209118117303, 46.969317954297154, 0.0 ], [ -71.409210520719739, 46.969315415229872, 0.0 ], [ -71.409210635934059, 46.969315234391168, 0.0 ], [ -71.409212180183786, 46.969312523271462, 0.0 ], [ -71.409213750866513, 46.969309820938015, 0.0 ], [ -71.409215387403194, 46.969307127077755, 0.0 ], [ -71.409217011104261, 46.9693044513118, 0.0 ], [ -71.409218700506869, 46.969301775024057, 0.0 ], [ -71.409220416342421, 46.969299107522573, 0.0 ], [ -71.40922215876337, 46.969296457802329, 0.0 ], [ -71.409223940757599, 46.969293816763972, 0.0 ], [ -71.40922574918477, 46.96929118451186, 0.0 ], [ -71.409226685715566, 46.969289836642496, 0.0 ], [ -71.409226814222549, 46.969289664694408, 0.0 ], [ -71.409227597185208, 46.969288560941663, 0.0 ], [ -71.409229484911364, 46.969285955048321, 0.0 ], [ -71.409231385930113, 46.969283358045558, 0.0 ], [ -71.40923333966245, 46.969280769620369, 0.0 ], [ -71.409235319827715, 46.969278189981416, 0.0 ], [ -71.409237326578335, 46.969275628123668, 0.0 ], [ -71.409239372902221, 46.969273074947807, 0.0 ], [ -71.40924144581146, 46.969270539553172, 0.0 ], [ -71.409243558293937, 46.969268012840409, 0.0 ], [ -71.409245697209329, 46.969265494913891, 0.0 ], [ -71.409245903338615, 46.969265250379813, 0.0 ], [ -71.409246109620327, 46.969265014840744, 0.0 ], [ -71.40924786271006, 46.969262994768577, 0.0 ], [ -71.409250067784029, 46.969260503305122, 0.0 ], [ -71.409252299443338, 46.969258029622893, 0.0 ], [ -71.409254570675884, 46.969255564622536, 0.0 ], [ -71.409256868493742, 46.969253117403376, 0.0 ], [ -71.409259205732411, 46.969250669871116, 0.0 ], [ -71.409261556720963, 46.96924825821435, 0.0 ], [ -71.40926394728271, 46.969245855239471, 0.0 ], [ -71.409266364277357, 46.969243461050787, 0.0 ], [ -71.409268005962872, 46.969241846691538, 0.0 ], [ -71.409268213006655, 46.969241656127288, 0.0 ], [ -71.409268807857345, 46.969241084643308, 0.0 ], [ -71.409271291010526, 46.969238716917694, 0.0 ], [ -71.409273800749034, 46.969236366973256, 0.0 ], [ -71.409276337225307, 46.969234043804988, 0.0 ], [ -71.409278899829573, 46.969231711432982, 0.0 ], [ -71.409281502464367, 46.969229414727742, 0.0 ], [ -71.409284131379579, 46.969227117813745, 0.0 ], [ -71.409286787032585, 46.96922484767591, 0.0 ], [ -71.409289469270888, 46.969222595319245, 0.0 ], [ -71.409292177942064, 46.969220351748774, 0.0 ], [ -71.4092928647745, 46.969219779534157, 0.0 ], [ -71.40929312422692, 46.969219579557461, 0.0 ], [ -71.409294926338873, 46.969218125855129, 0.0 ], [ -71.409297688333112, 46.969215926842004, 0.0 ], [ -71.409300489748105, 46.969213727515708, 0.0 ], [ -71.409303304608088, 46.969211546074966, 0.0 ], [ -71.409306159346144, 46.969209391305995, 0.0 ], [ -71.409309040669527, 46.969207254318199, 0.0 ], [ -71.409311948425753, 46.96920512611657, 0.0 ], [ -71.409314882767305, 46.969203015696131, 0.0 ], [ -71.409317830706286, 46.969200932156177, 0.0 ], [ -71.409320324527414, 46.969199194077959, 0.0 ], [ -71.409320428582745, 46.96919913027822, 0.0 ], [ -71.409320818218461, 46.969198857298025, 0.0 ], [ -71.40932383231592, 46.969196800221049, 0.0 ], [ -71.409326873151173, 46.969194769920186, 0.0 ], [ -71.409329927278947, 46.969192748509883, 0.0 ], [ -71.409333021132355, 46.969190744776334, 0.0 ], [ -71.409336128583206, 46.969188767923299, 0.0 ], [ -71.409339275607238, 46.969186799752059, 0.0 ], [ -71.409342436228712, 46.969184858461311, 0.0 ], [ -71.409345623435513, 46.969182934951711, 0.0 ], [ -71.409348837227611, 46.969181029223229, 0.0 ], [ -71.409350177415334, 46.969180235910557, 0.0 ], [ -71.409350372842894, 46.969180135400315, 0.0 ], [ -71.409352064464741, 46.969179141380252, 0.0 ], [ -71.409355331427477, 46.969177271214043, 0.0 ], [ -71.409358611835202, 46.969175418933339, 0.0 ], [ -71.409361918980736, 46.969173593428749, 0.0 ], [ -71.409365252711567, 46.969171785705271, 0.0 ], [ -71.409368599887401, 46.969169995867297, 0.0 ], [ -71.409371973648575, 46.969168223810456, 0.0 ], [ -71.409375373995061, 46.969166469534727, 0.0 ], [ -71.409378787939019, 46.969164742139455, 0.0 ], [ -71.409382215327994, 46.969163032629673, 0.0 ], [ -71.409771277179317, 46.96897416149028, 0.0 ], [ -71.409774001375993, 46.968972835396229, 0.0 ], [ -71.409660708752511, 46.968863829124324, 0.0 ], [ -71.409657903245645, 46.968861134565017, 0.0 ], [ -71.409723231451665, 46.968829317767359, 0.0 ], [ -71.410291826489242, 46.968552420875831, 0.0 ], [ -71.410357127813072, 46.968520612923925, 0.0 ], [ -71.41073510547254, 46.968336531619308, 0.0 ], [ -71.411104843074185, 46.968156463958259, 0.0 ], [ -71.411450700063838, 46.967988028359599, 0.0 ], [ -71.411800842917202, 46.967817497449545, 0.0 ], [ -71.412155245578148, 46.967644889388453, 0.0 ], [ -71.412864402770609, 46.967288313952231, 0.0 ], [ -71.413107987660126, 46.967165831584616, 0.0 ], [ -71.414030053353954, 46.966702178279853, 0.0 ], [ -71.414129588519472, 46.966652138455373, 0.0 ], [ -71.415040014038851, 46.966194318461952, 0.0 ], [ -71.415181513658027, 46.966029834590778, 0.0 ], [ -71.4151216769163, 46.965988741455448, 0.0 ], [ -71.415066858727812, 46.965944477502859, 0.0 ], [ -71.415017418918197, 46.965897336738919, 0.0 ], [ -71.414973730601815, 46.96584762205935, 0.0 ], [ -71.414480854181136, 46.965232306732332, 0.0 ], [ -71.414381532716561, 46.96509421672156, 0.0 ], [ -71.414292955987037, 46.964952739215008, 0.0 ], [ -71.414215406438686, 46.964808258818437, 0.0 ], [ -71.41399082961388, 46.964353260942715, 0.0 ], [ -71.413252300345889, 46.963326480685389, 0.0 ], [ -71.413136070248314, 46.963158072294213, 0.0 ], [ -71.413003682794923, 46.962995352278156, 0.0 ], [ -71.412855702310452, 46.962839044774505, 0.0 ], [ -71.412734504710912, 46.962726101155141, 0.0 ], [ -71.41260623377282, 46.962618314632273, 0.0 ], [ -71.412605314659459, 46.962617584270085, 0.0 ], [ -71.412604994894707, 46.962617325929109, 0.0 ], [ -71.41260482164418, 46.962617183370888, 0.0 ], [ -71.412598254475938, 46.962611954947889, 0.0 ], [ -71.412590249362481, 46.962605622457332, 0.0 ], [ -71.412582218126531, 46.962599299170606, 0.0 ], [ -71.412574147782351, 46.96259299418746, 0.0 ], [ -71.412566064454339, 46.962586698303404, 0.0 ], [ -71.412557942171077, 46.962580429717868, 0.0 ], [ -71.412549793918288, 46.962574179331156, 0.0 ], [ -71.412541619390041, 46.962567929153245, 0.0 ], [ -71.412533419198184, 46.962561715164128, 0.0 ], [ -71.412525192730868, 46.962555501383818, 0.0 ], [ -71.412516940446991, 46.962549314797286, 0.0 ], [ -71.412508635916254, 46.962543146618962, 0.0 ], [ -71.412500344679032, 46.962536987330282, 0.0 ], [ -71.412492001347914, 46.962530855444783, 0.0 ], [ -71.412483645032978, 46.962524732658338, 0.0 ], [ -71.412476433787305, 46.9625194913691, 0.0 ], [ -71.412468025533059, 46.962513404980264, 0.0 ], [ -71.412366047397512, 46.962464999463556, 0.0 ], [ -71.412261964087065, 46.962418742729042, 0.0 ], [ -71.412155868329378, 46.962374679013244, 0.0 ], [ -71.411924670552381, 46.962242135497434, 0.0 ], [ -71.411692156339953, 46.962098554661701, 0.0 ], [ -71.411475913755012, 46.961943526592911, 0.0 ], [ -71.411277113648282, 46.961777905698469, 0.0 ], [ -71.411057204871739, 46.961560031565043, 0.0 ], [ -71.41086748483886, 46.961329232188511, 0.0 ], [ -71.410709550344478, 46.961087474180012, 0.0 ], [ -71.410061431281491, 46.959958674420236, 0.0 ], [ -71.409996517564764, 46.959842257733968, 0.0 ], [ -71.409918725128193, 46.959729595821969, 0.0 ], [ -71.409828499177976, 46.959621368831819, 0.0 ], [ -71.409585566408069, 46.959354357578043, 0.0 ], [ -71.402677922409666, 46.962556438349118, 0.0 ], [ -71.402591009794207, 46.962466495853079, 0.0 ], [ -71.402588308273053, 46.962463692344123, 0.0 ], [ -71.402042058486813, 46.961898376060198, 0.0 ], [ -71.400573685480225, 46.960378656289571, 0.0 ], [ -71.400415958939675, 46.960215275351437, 0.0 ], [ -71.400255973339767, 46.960049545954583, 0.0 ], [ -71.398716705641149, 46.958455034201869, 0.0 ], [ -71.395139248993814, 46.954748735096068, 0.0 ], [ -71.395110194207192, 46.954750770495089, 0.0 ], [ -71.395106637876708, 46.954751023204501, 0.0 ], [ -71.395011888813357, 46.954757692435052, 0.0 ], [ -71.394993031892085, 46.95476302166152, 0.0 ], [ -71.394970361653051, 46.954765798781814, 0.0 ], [ -71.394947634933047, 46.954765976434793, 0.0 ], [ -71.39492113794185, 46.954766183553986, 0.0 ], [ -71.394894584474358, 46.954763791204165, 0.0 ], [ -71.394875567922625, 46.954758758026543, 0.0 ], [ -71.394849014610642, 46.954756374661144, 0.0 ], [ -71.394829997765811, 46.95475132348583, 0.0 ], [ -71.394803401124648, 46.954746340544162, 0.0 ], [ -71.394784384437514, 46.954741298356254, 0.0 ], [ -71.394765354617093, 46.954736256267807, 0.0 ], [ -71.394742468017938, 46.95472605350465, 0.0 ], [ -71.394719611621255, 46.954718450405224, 0.0 ], [ -71.394700608088527, 46.954713408100574, 0.0 ], [ -71.394677794881744, 46.954708395563408, 0.0 ], [ -71.394655025006628, 46.954705982587427, 0.0 ], [ -71.394632268120404, 46.954703560509216, 0.0 ], [ -71.394609454924009, 46.95469854795833, 0.0 ], [ -71.394563841680593, 46.954688522740213, 0.0 ], [ -71.394544781863729, 46.954680889941343, 0.0 ], [ -71.394521968535003, 46.954675868377862, 0.0 ], [ -71.394499125477097, 46.954668274126384, 0.0 ], [ -71.394472572075472, 46.954665881678167, 0.0 ], [ -71.394449815513767, 46.954663477553588, 0.0 ], [ -71.394423261966693, 46.954661076098859, 0.0 ], [ -71.394400492122386, 46.954658663072017, 0.0 ], [ -71.394373908702477, 46.954653679927297, 0.0 ], [ -71.394354892087605, 46.954648637667461, 0.0 ], [ -71.394313019171278, 46.954635992223082, 0.0 ], [ -71.394297699496889, 46.954625730263331, 0.0 ], [ -71.394278669762144, 46.9546206880933, 0.0 ], [ -71.394255912928031, 46.954618265939871, 0.0 ], [ -71.394233156245747, 46.954615852776953, 0.0 ], [ -71.394214083364261, 46.954608220025037, 0.0 ], [ -71.394195023475135, 46.95460057817224, 0.0 ], [ -71.39417600689552, 46.954595535882397, 0.0 ], [ -71.394160687258719, 46.954585273903987, 0.0 ], [ -71.394145238019632, 46.954567231214973, 0.0 ], [ -71.394137442032147, 46.954554319566675, 0.0 ], [ -71.394129658885575, 46.954541389825117, 0.0 ], [ -71.394124769063922, 46.954537307749277, 0.0 ], [ -71.394117307585631, 46.954531068674186, 0.0 ], [ -71.394114296421591, 46.954528555259124, 0.0 ], [ -71.39409897666593, 46.954518284277093, 0.0 ], [ -71.39408360077951, 46.954505431819356, 0.0 ], [ -71.394072034413554, 46.954492540614162, 0.0 ], [ -71.394064251591487, 46.954479628857911, 0.0 ], [ -71.394052628950902, 46.954464147181959, 0.0 ], [ -71.394029383989604, 46.9544332018163, 0.0 ], [ -71.394021557740373, 46.954417681495542, 0.0 ], [ -71.39401751502858, 46.954402140625923, 0.0 ], [ -71.394005935714105, 46.954389258511178, 0.0 ], [ -71.39400189300909, 46.954373717640905, 0.0 ], [ -71.393997837169749, 46.954358176873015, 0.0 ], [ -71.393986271006327, 46.9543452946535, 0.0 ], [ -71.393978475089938, 46.954332382993385, 0.0 ], [ -71.393978282738075, 46.954320833362651, 0.0 ], [ -71.393978215774482, 46.954316812579997, 0.0 ], [ -71.393970432851177, 46.954303891821631, 0.0 ], [ -71.393970240651029, 46.954292351185863, 0.0 ], [ -71.393970173688118, 46.954288330403159, 0.0 ], [ -71.393966117864764, 46.954272789633798, 0.0 ], [ -71.393962075180525, 46.954257248761671, 0.0 ], [ -71.393961882832713, 46.954245699130738, 0.0 ], [ -71.393961815870512, 46.954241678347998, 0.0 ], [ -71.39395777319001, 46.954226137475601, 0.0 ], [ -71.393957537700132, 46.954211997273156, 0.0 ], [ -71.393957470738343, 46.954207976490395, 0.0 ], [ -71.393960994798476, 46.954192376535261, 0.0 ], [ -71.393968315510321, 46.954176755930945, 0.0 ], [ -71.393975666075448, 46.954163717005159, 0.0 ], [ -71.393978724490026, 46.95415013583623, 0.0 ], [ -71.393979190127524, 46.954148117049442, 0.0 ], [ -71.393975147599249, 46.954132585172431, 0.0 ], [ -71.393963568204143, 46.954119694057276, 0.0 ], [ -71.393955742470297, 46.95410420071584, 0.0 ], [ -71.393947946297473, 46.954091271062744, 0.0 ], [ -71.393928800347069, 46.954078448020411, 0.0 ], [ -71.393909753823721, 46.954070806015302, 0.0 ], [ -71.393886971115151, 46.954068392986784, 0.0 ], [ -71.393868080590025, 46.95406854047431, 0.0 ], [ -71.393867476303399, 46.954068545192229, 0.0 ], [ -71.393864257820312, 46.95406857032016, 0.0 ], [ -71.393845241609966, 46.954063536968441, 0.0 ], [ -71.393822515180261, 46.954063714396085, 0.0 ], [ -71.393799845022357, 46.954066482288297, 0.0 ], [ -71.39378874091517, 46.95408213241803, 0.0 ], [ -71.393781420313147, 46.954097762006406, 0.0 ], [ -71.39377406970948, 46.954110800920148, 0.0 ], [ -71.393762922452098, 46.954123860475768, 0.0 ], [ -71.39375177518933, 46.95413692003028, 0.0 ], [ -71.393733190886266, 46.95415782835655, 0.0 ], [ -71.393722043609287, 46.954170887908198, 0.0 ], [ -71.393714779393932, 46.954189116956421, 0.0 ], [ -71.393714846337502, 46.954193137739466, 0.0 ], [ -71.393715038482057, 46.954204678376243, 0.0 ], [ -71.393711514349619, 46.954220278324236, 0.0 ], [ -71.393704150426046, 46.954233308340932, 0.0 ], [ -71.393693003276326, 46.954246376884775, 0.0 ], [ -71.393670363176753, 46.954251744421043, 0.0 ], [ -71.393643866430153, 46.954251951242945, 0.0 ], [ -71.39361739967336, 46.9542547487329, 0.0 ], [ -71.393594729573493, 46.954257525580076, 0.0 ], [ -71.393575929094368, 46.954265454037554, 0.0 ], [ -71.393557072349026, 46.954270792022797, 0.0 ], [ -71.393534402089358, 46.954273559863026, 0.0 ], [ -71.393433928767735, 46.954271753053284, 0.0 ], [ -71.39340009813435, 46.954287589487464, 0.0 ], [ -71.393381241513069, 46.954292936438932, 0.0 ], [ -71.393358558247471, 46.954295713342006, 0.0 ], [ -71.393332035203457, 46.9542959202969, 0.0 ], [ -71.393309351784225, 46.954298688195216, 0.0 ], [ -71.39328661211492, 46.95429886561967, 0.0 ], [ -71.393256305692276, 46.954299102076078, 0.0 ], [ -71.393229795782588, 46.954299308904808, 0.0 ], [ -71.393203272735875, 46.954299515829881, 0.0 ], [ -71.393180546202302, 46.954299693130793, 0.0 ], [ -71.393157633664003, 46.954289481256644, 0.0 ], [ -71.393134777674021, 46.954281877837431, 0.0 ], [ -71.393108211532947, 46.954279494168418, 0.0 ], [ -71.393089168743899, 46.954274442906211, 0.0 ], [ -71.393070165518196, 46.954269400328428, 0.0 ], [ -71.393051122885879, 46.954264358054857, 0.0 ], [ -71.393035803557382, 46.954254095923211, 0.0 ], [ -71.393016687575454, 46.954243854407139, 0.0 ], [ -71.393001368409045, 46.954233601265805, 0.0 ], [ -71.392993572445903, 46.954220671546572, 0.0 ], [ -71.392993380157051, 46.954209112917461, 0.0 ], [ -71.392993313267482, 46.954205092133655, 0.0 ], [ -71.392993221986458, 46.954199605157953, 0.0 ], [ -71.392993154947291, 46.954195575379089, 0.0 ], [ -71.392993121128441, 46.95419354249956, 0.0 ], [ -71.392993054238929, 46.954189521715712, 0.0 ], [ -71.392996535182618, 46.954171313226119, 0.0 ], [ -71.393003899270298, 46.954158283253676, 0.0 ], [ -71.393006824351232, 46.954145359874197, 0.0 ], [ -71.393007436591958, 46.954142674228393, 0.0 ], [ -71.392999597544105, 46.954127153937158, 0.0 ], [ -71.392980524860064, 46.954119511981652, 0.0 ], [ -71.392957625722971, 46.954109308958948, 0.0 ], [ -71.392930541356407, 46.954075766421099, 0.0 ], [ -71.392922745583391, 46.954062845691439, 0.0 ], [ -71.392922553460465, 46.954051296056839, 0.0 ], [ -71.39292248657658, 46.954047275272835, 0.0 ], [ -71.392926024064749, 46.954031675244714, 0.0 ], [ -71.392937128115207, 46.954016007206789, 0.0 ], [ -71.392944478760711, 46.954002959350234, 0.0 ], [ -71.392955639330339, 46.953989899770406, 0.0 ], [ -71.392970613057642, 46.953979392360701, 0.0 ], [ -71.392981717234079, 46.953963733313515, 0.0 ], [ -71.392996704085647, 46.953953225797974, 0.0 ], [ -71.393004067994511, 46.953940186830181, 0.0 ], [ -71.393015215250458, 46.953927118352006, 0.0 ], [ -71.393026332539861, 46.953911459198061, 0.0 ], [ -71.393041249996429, 46.953898361309427, 0.0 ], [ -71.393048613887089, 46.953885322338792, 0.0 ], [ -71.393067384050653, 46.953874785302979, 0.0 ], [ -71.393074748081446, 46.953861755325704, 0.0 ], [ -71.393074555777517, 46.953850196696145, 0.0 ], [ -71.393074488882718, 46.95384617591214, 0.0 ], [ -71.39307796992783, 46.953827976414367, 0.0 ], [ -71.393089117142765, 46.953814907929015, 0.0 ], [ -71.393096481010616, 46.95380186895526, 0.0 ], [ -71.393103758522599, 46.953783639841504, 0.0 ], [ -71.393111122233023, 46.953770591871745, 0.0 ], [ -71.39311847310266, 46.953757561994074, 0.0 ], [ -71.393133373664824, 46.953741873316332, 0.0 ], [ -71.393140737362458, 46.953728825344669, 0.0 ], [ -71.393148088069623, 46.953715786470035, 0.0 ], [ -71.393151625322005, 46.953700177439607, 0.0 ], [ -71.393158889665372, 46.953681948424716, 0.0 ], [ -71.39316242706218, 46.953666348388943, 0.0 ], [ -71.393162234890355, 46.953654798754286, 0.0 ], [ -71.393162167839776, 46.953650768975209, 0.0 ], [ -71.393161975668121, 46.953639219340538, 0.0 ], [ -71.393161908767254, 46.953635198556483, 0.0 ], [ -71.393165432874085, 46.953619589627955, 0.0 ], [ -71.393172796697215, 46.953606550649148, 0.0 ], [ -71.393172604373902, 46.953594992019383, 0.0 ], [ -71.393172537472353, 46.953590971235307, 0.0 ], [ -71.393168495071691, 46.953575430331405, 0.0 ], [ -71.393145625949828, 46.953567809023752, 0.0 ], [ -71.393122856623762, 46.953565395738778, 0.0 ], [ -71.393104129679543, 46.953578523355766, 0.0 ], [ -71.393092982516535, 46.953591591842752, 0.0 ], [ -71.393078025747187, 46.953604690045559, 0.0 ], [ -71.393070731423435, 46.953620328380865, 0.0 ], [ -71.393067194152422, 46.953635937409139, 0.0 ], [ -71.393063669866336, 46.953651537339766, 0.0 ], [ -71.393063736909525, 46.95365556711895, 0.0 ], [ -71.393063929060162, 46.95366711675392, 0.0 ], [ -71.393060404771191, 46.953682716684369, 0.0 ], [ -71.393053040910473, 46.953695755656021, 0.0 ], [ -71.393038054141215, 46.953706263178859, 0.0 ], [ -71.393019283880633, 46.953716791214745, 0.0 ], [ -71.392996730126484, 46.953727339761897, 0.0 ], [ -71.392977960149651, 46.95373788578118, 0.0 ], [ -71.392974765359355, 46.953740123766991, 0.0 ], [ -71.392966882128462, 46.953745636956079, 0.0 ], [ -71.392962986340848, 46.953748384196764, 0.0 ], [ -71.392948042632995, 46.953761482280278, 0.0 ], [ -71.392936981730557, 46.953779740891953, 0.0 ], [ -71.392929704311911, 46.953797978990551, 0.0 ], [ -71.392929771195767, 46.95380199977474, 0.0 ], [ -71.392929963318551, 46.953813549409816, 0.0 ], [ -71.392928200024414, 46.953817332574047, 0.0 ], [ -71.392924951817236, 46.953824258000374, 0.0 ], [ -71.39292265578743, 46.95382918783806, 0.0 ], [ -71.392922722670818, 46.953833208622228, 0.0 ], [ -71.392922914792308, 46.953844758257269, 0.0 ], [ -71.392922981675753, 46.953848779041408, 0.0 ], [ -71.39292317394704, 46.953860337671472, 0.0 ], [ -71.392923240830527, 46.953864358455625, 0.0 ], [ -71.392923432952344, 46.953875908090595, 0.0 ], [ -71.392908432971026, 46.953886415699081, 0.0 ], [ -71.392893558726058, 46.953902113138007, 0.0 ], [ -71.392890034373067, 46.953917713063042, 0.0 ], [ -71.392890700511401, 46.953919057299359, 0.0 ], [ -71.392897860221268, 46.953933233465222, 0.0 ], [ -71.392896554667558, 46.953934521108941, 0.0 ], [ -71.392860578617174, 46.953969868902846, 0.0 ], [ -71.392822098754223, 46.95399607806926, 0.0 ], [ -71.392820046053743, 46.953997470496823, 0.0 ], [ -71.392772004536667, 46.954030186499814, 0.0 ], [ -71.392757017619417, 46.954040693986265, 0.0 ], [ -71.392738234050384, 46.95405122207908, 0.0 ], [ -71.392719446800811, 46.954059159289173, 0.0 ], [ -71.392700620135628, 46.954067096803499, 0.0 ], [ -71.392678023090525, 46.954075054716249, 0.0 ], [ -71.392659209550246, 46.9540829921214, 0.0 ], [ -71.39263652633376, 46.954085768881157, 0.0 ], [ -71.392610016524941, 46.954085975565683, 0.0 ], [ -71.392587276941427, 46.954086152850628, 0.0 ], [ -71.3925645373577, 46.954086330131062, 0.0 ], [ -71.39254186712175, 46.954089097774677, 0.0 ], [ -71.39251534417393, 46.9540893045397, 0.0 ], [ -71.392492660946957, 46.954092081271021, 0.0 ], [ -71.392466181068315, 46.954094878597211, 0.0 ], [ -71.392443454616824, 46.954095055751225, 0.0 ], [ -71.392420728165092, 46.954095232900727, 0.0 ], [ -71.392390408713567, 46.954095469229578, 0.0 ], [ -71.392367682261352, 46.954095646368543, 0.0 ], [ -71.392344955808909, 46.95409582350301, 0.0 ], [ -71.392318432856342, 46.954096030222438, 0.0 ], [ -71.392299403491251, 46.954090987720406, 0.0 ], [ -71.392280287856082, 46.954080755074742, 0.0 ], [ -71.39226496872638, 46.954070492838284, 0.0 ], [ -71.392245896165392, 46.954062850759477, 0.0 ], [ -71.392223040249377, 46.954055238161359, 0.0 ], [ -71.392200084787859, 46.95404242652539, 0.0 ], [ -71.392177229036449, 46.954034822913052, 0.0 ], [ -71.392161866733744, 46.954021961094639, 0.0 ], [ -71.392142794204531, 46.954014318998397, 0.0 ], [ -71.392123764884587, 46.95400927646677, 0.0 ], [ -71.392097155717536, 46.954004292993922, 0.0 ], [ -71.392074343048662, 46.953999279933662, 0.0 ], [ -71.392051530383981, 46.953994266868804, 0.0 ], [ -71.392024964280424, 46.953991873951963, 0.0 ], [ -71.392005935128736, 46.953986840395665, 0.0 ], [ -71.391983122326081, 46.953981818322049, 0.0 ], [ -71.391956556231506, 46.953979425389264, 0.0 ], [ -71.391930046470307, 46.953979631915999, 0.0 ], [ -71.391903480378986, 46.953977238970893, 0.0 ], [ -71.391880753973808, 46.953977416012883, 0.0 ], [ -71.391854231076394, 46.953977622624386, 0.0 ], [ -71.391827708178681, 46.95397782922975, 0.0 ], [ -71.391804994909435, 46.953978006154379, 0.0 ], [ -71.391782255366664, 46.953978183279141, 0.0 ], [ -71.391759515823694, 46.95397836039939, 0.0 ], [ -71.391736789417138, 46.953978537412809, 0.0 ], [ -71.391710236620412, 46.953976153315509, 0.0 ], [ -71.39168751021451, 46.953976330319136, 0.0 ], [ -71.391664727340725, 46.953973898857292, 0.0 ], [ -71.391642000935477, 46.953974075851882, 0.0 ], [ -71.391619261393373, 46.953974252944263, 0.0 ], [ -71.391596534987698, 46.953974429929829, 0.0 ], [ -71.391566228734249, 46.953974665937672, 0.0 ], [ -71.39153970583591, 46.953974872476316, 0.0 ], [ -71.391505573351097, 46.953972556351069, 0.0 ], [ -71.391482846945451, 46.953972733314068, 0.0 ], [ -71.391460107402906, 46.953972910374844, 0.0 ], [ -71.391429801149201, 46.953973146346563, 0.0 ], [ -71.391403291387292, 46.953973352751312, 0.0 ], [ -71.391376781625098, 46.953973559149929, 0.0 ], [ -71.391354042081559, 46.953973736189639, 0.0 ], [ -71.391327519182155, 46.95397394267912, 0.0 ], [ -71.39129342957105, 46.953974208068921, 0.0 ], [ -71.391266906670992, 46.953974414544369, 0.0 ], [ -71.391244180263072, 46.953974591459996, 0.0 ], [ -71.391221440718283, 46.95397476847338, 0.0 ], [ -71.391198714309922, 46.953974945379983, 0.0 ], [ -71.39117220454547, 46.953975151731235, 0.0 ], [ -71.391145681644062, 46.953975358178603, 0.0 ], [ -71.391122955234991, 46.953975535070178, 0.0 ], [ -71.391100215689065, 46.953975712059481, 0.0 ], [ -71.391081186478274, 46.953970669353787, 0.0 ], [ -71.391058416918568, 46.953968246663884, 0.0 ], [ -71.391035561207985, 46.953960633827151, 0.0 ], [ -71.391016532008493, 46.953955591110628, 0.0 ], [ -71.390997459663282, 46.953947948822197, 0.0 ], [ -71.390978387323514, 46.953940306530541, 0.0 ], [ -71.39095935813647, 46.953935263804404, 0.0 ], [ -71.390944039298674, 46.953925001388932, 0.0 ], [ -71.390924966974552, 46.953917359088244, 0.0 ], [ -71.390902197444106, 46.953914936367042, 0.0 ], [ -71.390898314816056, 46.953909775766817, 0.0 ], [ -71.390861408763854, 46.953859873091631, 0.0 ], [ -71.390857739464664, 46.953854899750453, 0.0 ], [ -71.390842713557305, 46.953834577279757, 0.0 ], [ -71.390838671661342, 46.953819027294728, 0.0 ], [ -71.39082333974325, 46.95380876496472, 0.0 ], [ -71.390815544365793, 46.953795835092244, 0.0 ], [ -71.39080022559537, 46.953785572656791, 0.0 ], [ -71.390788603895345, 46.953770081645139, 0.0 ], [ -71.390773272000828, 46.953759819308168, 0.0 ], [ -71.390757953248794, 46.953749556866889, 0.0 ], [ -71.390738924149815, 46.953744514103349, 0.0 ], [ -71.390729618962737, 46.953743524945295, 0.0 ], [ -71.390728605504378, 46.953743415879259, 0.0 ], [ -71.39071614156407, 46.953742091446735, 0.0 ], [ -71.390693428387692, 46.953742268150187, 0.0 ], [ -71.390670732071015, 46.953745044622551, 0.0 ], [ -71.390651918194834, 46.953752972704471, 0.0 ], [ -71.390636930935159, 46.953763479916176, 0.0 ], [ -71.390625783130218, 46.95377654816685, 0.0 ], [ -71.390610808846233, 46.953787046277924, 0.0 ], [ -71.39059970415984, 46.953802714095147, 0.0 ], [ -71.390588556337804, 46.953815782342232, 0.0 ], [ -71.390585018182591, 46.95383138230325, 0.0 ], [ -71.390577640561759, 46.95384442122176, 0.0 ], [ -71.390570302198043, 46.953857450838193, 0.0 ], [ -71.3905629811333, 46.953873107212701, 0.0 ], [ -71.390559499082443, 46.95389129764466, 0.0 ], [ -71.390552134584013, 46.95390433645931, 0.0 ], [ -71.390548424201427, 46.95390955613302, 0.0 ], [ -71.39051757678655, 46.954064072064426, 0.0 ], [ -71.390517643490355, 46.954068092851053, 0.0 ], [ -71.390517835245205, 46.954079651488229, 0.0 ], [ -71.390517901949053, 46.954083672274855, 0.0 ], [ -71.390518093704074, 46.954095230912003, 0.0 ], [ -71.390510729168284, 46.954108269723783, 0.0 ], [ -71.390503364628955, 46.954121308535093, 0.0 ], [ -71.390496000235316, 46.954134356340973, 0.0 ], [ -71.39048867881381, 46.954149994720268, 0.0 ], [ -71.390481314263511, 46.954163033530143, 0.0 ], [ -71.390481380964829, 46.954167054316756, 0.0 ], [ -71.390481572712545, 46.954178612953839, 0.0 ], [ -71.390478034653015, 46.954194221905979, 0.0 ], [ -71.390474595976826, 46.954215029893703, 0.0 ], [ -71.390471114024706, 46.954233229317303, 0.0 ], [ -71.390463749459002, 46.954246268125949, 0.0 ], [ -71.390460280787266, 46.95426447644202, 0.0 ], [ -71.390452946201378, 46.954280114921055, 0.0 ], [ -71.390449408127267, 46.954295723872143, 0.0 ], [ -71.390445808913981, 46.954302103188454, 0.0 ], [ -71.390309810315046, 46.954313029678211, 0.0 ], [ -71.390266580008046, 46.954228765495635, 0.0 ], [ -71.390264597599781, 46.954224894548496, 0.0 ], [ -71.390199290692649, 46.954097593211578, 0.0 ], [ -71.39010641513552, 46.954050032660497, 0.0 ], [ -71.390103711836417, 46.954048641272557, 0.0 ], [ -71.389984666194522, 46.953987690807374, 0.0 ], [ -71.389961539862711, 46.953996237051641, 0.0 ], [ -71.389617746533318, 46.953842320920145, 0.0 ], [ -71.389360644775877, 46.953809134209344, 0.0 ], [ -71.389352006406156, 46.953819843827752, 0.0 ], [ -71.389138820085179, 46.953746624201614, 0.0 ], [ -71.38877149378294, 46.953609783164346, 0.0 ], [ -71.388766790197508, 46.953616126020549, 0.0 ], [ -71.388626020542276, 46.953557807739976, 0.0 ], [ -71.388195039254853, 46.953335032312118, 0.0 ], [ -71.388192071078308, 46.953333507990692, 0.0 ], [ -71.388207720148799, 46.953320099184765, 0.0 ], [ -71.388210621944594, 46.953317611711185, 0.0 ], [ -71.388302326643853, 46.953239020040193, 0.0 ], [ -71.388305060187093, 46.95323668680517, 0.0 ], [ -71.388186125506309, 46.953164740235202, 0.0 ], [ -71.388183338571054, 46.953163052575711, 0.0 ], [ -71.388128834540737, 46.953130072463829, 0.0 ], [ -71.387989767735448, 46.953211109475312, 0.0 ], [ -71.387810591932961, 46.953161211641827, 0.0 ], [ -71.387569263064009, 46.953017740002814, 0.0 ], [ -71.387475610651279, 46.952949159191583, 0.0 ], [ -71.38747039752927, 46.952945349223377, 0.0 ], [ -71.387468485462549, 46.952944923230525, 0.0 ], [ -71.387175298749909, 46.95287992183718, 0.0 ], [ -71.387170380142223, 46.952878826428659, 0.0 ], [ -71.387236058361566, 46.952839138978327, 0.0 ], [ -71.387238113691879, 46.952837899565928, 0.0 ], [ -71.387240910511366, 46.952836213592974, 0.0 ], [ -71.38700947180827, 46.9526470713284, 0.0 ], [ -71.387004009834641, 46.952650460235375, 0.0 ], [ -71.387001252872139, 46.952652172882452, 0.0 ], [ -71.386902570742009, 46.952713256966568, 0.0 ], [ -71.386813428457259, 46.952620962646627, 0.0 ], [ -71.386810969169787, 46.95261842677192, 0.0 ], [ -71.386728310196176, 46.952532856312764, 0.0 ], [ -71.386725850619641, 46.952530302446007, 0.0 ], [ -71.386756390974, 46.952511677650634, 0.0 ], [ -71.386758745169288, 46.952510238015321, 0.0 ], [ -71.386596262282012, 46.952337293753963, 0.0 ], [ -71.386561319255264, 46.952324007054223, 0.0 ], [ -71.386557210356401, 46.952180216442741, 0.0 ], [ -71.386557218590411, 46.95217991950399, 0.0 ], [ -71.386557117681164, 46.952176195853887, 0.0 ], [ -71.386584030956826, 46.951980121928685, 0.0 ], [ -71.386618218285733, 46.951748798478171, 0.0 ], [ -71.386628809044183, 46.951651854245888, 0.0 ], [ -71.386629185487905, 46.951648396785153, 0.0 ], [ -71.386521297368262, 46.951513110555119, 0.0 ], [ -71.386519995986546, 46.951511474325201, 0.0 ], [ -71.386573401466038, 46.951408090132219, 0.0 ], [ -71.386688358481479, 46.951323894949319, 0.0 ], [ -71.386919028972585, 46.951276902265398, 0.0 ], [ -71.386982365904274, 46.95112821697672, 0.0 ], [ -71.386983731532425, 46.951124994748717, 0.0 ], [ -71.386866802276558, 46.951060327180393, 0.0 ], [ -71.38686537007105, 46.951059519619278, 0.0 ], [ -71.386809868848914, 46.951028822636843, 0.0 ], [ -71.3867532937291, 46.950980033564058, 0.0 ], [ -71.386740393017277, 46.950968924201668, 0.0 ], [ -71.386590819943109, 46.950839970343822, 0.0 ], [ -71.386578240375655, 46.950841938970356, 0.0 ], [ -71.386574348668333, 46.95084255386071, 0.0 ], [ -71.386291860595904, 46.950886888288771, 0.0 ], [ -71.386093556497002, 46.950950245222181, 0.0 ], [ -71.385453495149505, 46.951191770628519, 0.0 ], [ -71.385173785471167, 46.951465331284915, 0.0 ], [ -71.384963038210898, 46.951500102529685, 0.0 ], [ -71.384454466708675, 46.951661403220882, 0.0 ], [ -71.384457460473726, 46.951664492782662, 0.0 ], [ -71.384476704886552, 46.951684279718634, 0.0 ], [ -71.384473363031688, 46.951684782335008, 0.0 ], [ -71.384087322731148, 46.951743045712909, 0.0 ], [ -71.383384260261664, 46.951753051678679, 0.0 ], [ -71.383215247090078, 46.951728581490798, 0.0 ], [ -71.383151869117015, 46.951656632900139, 0.0 ], [ -71.383147825801927, 46.951652031040553, 0.0 ], [ -71.38153929459115, 46.949825835643871, 0.0 ], [ -71.381419165832511, 46.949373666203186, 0.0 ], [ -71.381418185205121, 46.949369949319824, 0.0 ], [ -71.382174710945577, 46.949130445839529, 0.0 ], [ -71.382177730022178, 46.949129495966261, 0.0 ], [ -71.381617722760041, 46.948572103947726, 0.0 ], [ -71.38161490467094, 46.948569291840286, 0.0 ], [ -71.384175495279408, 46.947442147072564, 0.0 ], [ -71.384178129901116, 46.947440993202214, 0.0 ], [ -71.384201605652365, 46.947430646172656, 0.0 ], [ -71.385205023798179, 46.948499577606796, 0.0 ], [ -71.385207497437179, 46.948502203368733, 0.0 ], [ -71.385246102131248, 46.948543332454584, 0.0 ], [ -71.385429912877953, 46.948739144100401, 0.0 ], [ -71.385437574897949, 46.948747298389293, 0.0 ], [ -71.38543010593078, 46.948735715048883, 0.0 ], [ -71.385424288924312, 46.948722337681268, 0.0 ], [ -71.385415673935611, 46.948708972955835, 0.0 ], [ -71.385407059099535, 46.948695617224743, 0.0 ], [ -71.385401241954966, 46.948682230860747, 0.0 ], [ -71.385392626978543, 46.948668866133382, 0.0 ], [ -71.385381232781015, 46.948657448088468, 0.0 ], [ -71.385369851723723, 46.948646029940804, 0.0 ], [ -71.385361236761, 46.948632665210908, 0.0 ], [ -71.385352621950943, 46.948619309475383, 0.0 ], [ -71.385341240759573, 46.948607882329618, 0.0 ], [ -71.385329846586046, 46.948596464279326, 0.0 ], [ -71.385318465552729, 46.948585046126261, 0.0 ], [ -71.38531262998471, 46.948569743705846, 0.0 ], [ -71.385312443243734, 46.948558418913002, 0.0 ], [ -71.385312376942551, 46.948554398116826, 0.0 ], [ -71.385312190350049, 46.948543082319027, 0.0 ], [ -71.385312124048937, 46.948539061522837, 0.0 ], [ -71.385306293810146, 46.948525675254935, 0.0 ], [ -71.385306107219122, 46.948514359457064, 0.0 ], [ -71.385306040918508, 46.948510338660839, 0.0 ], [ -71.385302990052949, 46.948495014706374, 0.0 ], [ -71.385291609047115, 46.948483596550275, 0.0 ], [ -71.385285791954985, 46.948470210179543, 0.0 ], [ -71.385279948743474, 46.948456833006681, 0.0 ], [ -71.38526858073773, 46.948445405751464, 0.0 ], [ -71.385257181294079, 46.948432071540218, 0.0 ], [ -71.385248553259075, 46.948418706902501, 0.0 ], [ -71.385237109100501, 46.948403456840737, 0.0 ], [ -71.385225670119468, 46.948390113935751, 0.0 ], [ -71.385214302287821, 46.948378695669923, 0.0 ], [ -71.385202934312744, 46.948367268407829, 0.0 ], [ -71.38519154022022, 46.94835585034275, 0.0 ], [ -71.385185710180266, 46.948342473063001, 0.0 ], [ -71.385174329083725, 46.948331045899486, 0.0 ], [ -71.385162916552758, 46.948317711779801, 0.0 ], [ -71.385154270107932, 46.948302431082851, 0.0 ], [ -71.385142825852967, 46.948287172015917, 0.0 ], [ -71.385125899333772, 46.948279629105379, 0.0 ], [ -71.38511448682587, 46.948266294980598, 0.0 ], [ -71.385100339680861, 46.948256814384479, 0.0 ], [ -71.385094575202757, 46.948243427596829, 0.0 ], [ -71.385095248715231, 46.948210172371184, 0.0 ], [ -71.385095287513224, 46.948206150762154, 0.0 ], [ -71.385099711367658, 46.948190013332884, 0.0 ], [ -71.385108903863284, 46.948177059682919, 0.0 ], [ -71.385113340698311, 46.948160913156485, 0.0 ], [ -71.385122520198777, 46.948147968602051, 0.0 ], [ -71.385122320895931, 46.948135879226776, 0.0 ], [ -71.385122254609968, 46.948131858430074, 0.0 ], [ -71.385122055307306, 46.94811976905477, 0.0 ], [ -71.3851219890214, 46.948115748258068, 0.0 ], [ -71.385121789867185, 46.948103667877788, 0.0 ], [ -71.385121723581335, 46.948099647081058, 0.0 ], [ -71.385116768715221, 46.948083573162194, 0.0 ], [ -71.385116569562413, 46.948071492781828, 0.0 ], [ -71.385116503277033, 46.948067471985098, 0.0 ], [ -71.385102236781236, 46.948057920341903, 0.0 ], [ -71.385092632749789, 46.948045112006291, 0.0 ], [ -71.385078366115906, 46.948035551364974, 0.0 ], [ -71.385068762094193, 46.948022743027245, 0.0 ], [ -71.385063794264397, 46.948006678202312, 0.0 ], [ -71.385058826289352, 46.947990604382049, 0.0 ], [ -71.385058627001953, 46.947978515006227, 0.0 ], [ -71.38505856072112, 46.947974494209355, 0.0 ], [ -71.385062997555465, 46.947958347684313, 0.0 ], [ -71.385062798563894, 46.94794627629858, 0.0 ], [ -71.385062732282833, 46.94794225550168, 0.0 ], [ -71.385062533143156, 46.94793017512086, 0.0 ], [ -71.385062466862152, 46.947926154323945, 0.0 ], [ -71.385062267722645, 46.947914073943075, 0.0 ], [ -71.385062201441698, 46.947910053146167, 0.0 ], [ -71.385062002154086, 46.947897963770181, 0.0 ], [ -71.385061935873196, 46.947893942973252, 0.0 ], [ -71.385061736882321, 46.947881871587384, 0.0 ], [ -71.385061670453197, 46.947877841795375, 0.0 ], [ -71.385056702491283, 46.947861767974565, 0.0 ], [ -71.385047098506391, 46.947848959634392, 0.0 ], [ -71.385042130551611, 46.947832885812822, 0.0 ], [ -71.385037162599886, 46.947816811990975, 0.0 ], [ -71.385036963615107, 46.947804740604873, 0.0 ], [ -71.385036897336306, 46.947800719807844, 0.0 ], [ -71.385041334311836, 46.947784582278267, 0.0 ], [ -71.385045771136504, 46.947768435753432, 0.0 ], [ -71.385054897355985, 46.94775226197315, 0.0 ], [ -71.385054698367668, 46.947740190586956, 0.0 ], [ -71.385054631939411, 46.947736160794832, 0.0 ], [ -71.385049663993314, 46.947720086973227, 0.0 ], [ -71.385049464858113, 46.947708006591867, 0.0 ], [ -71.385049398578602, 46.947703985794789, 0.0 ], [ -71.38505383539453, 46.947687839269484, 0.0 ], [ -71.385058272356119, 46.947671701739033, 0.0 ], [ -71.385058073219327, 46.947659621357623, 0.0 ], [ -71.385058006939289, 46.947655600560516, 0.0 ], [ -71.385057807654391, 46.947643511183969, 0.0 ], [ -71.385057741374396, 46.947639490386855, 0.0 ], [ -71.385057542237959, 46.947627410005374, 0.0 ], [ -71.385057475958021, 46.947623389208246, 0.0 ], [ -71.385057276821755, 46.947611308826723, 0.0 ], [ -71.385057210541873, 46.94760728802958, 0.0 ], [ -71.385057011257487, 46.947595198652955, 0.0 ], [ -71.385056944977677, 46.947591177855799, 0.0 ], [ -71.385056745841752, 46.947579097474197, 0.0 ], [ -71.385056679561984, 46.947575076677055, 0.0 ], [ -71.385056480426243, 46.947562996295417, 0.0 ], [ -71.385056414146533, 46.947558975498247, 0.0 ], [ -71.385060850948975, 46.947542828972352, 0.0 ], [ -71.385065274761999, 46.947526691542862, 0.0 ], [ -71.385065075476376, 46.947514602166081, 0.0 ], [ -71.385065009196126, 46.947510581368881, 0.0 ], [ -71.38506481005895, 46.947498500987138, 0.0 ], [ -71.385064743778784, 46.947494480189924, 0.0 ], [ -71.385069180721928, 46.947478342658655, 0.0 ], [ -71.385073604379144, 46.947462196233651, 0.0 ], [ -71.385078054303918, 46.947446049605354, 0.0 ], [ -71.385082491387564, 46.947429921068569, 0.0 ], [ -71.385091617391595, 46.947413738289775, 0.0 ], [ -71.385091418249104, 46.947401657907911, 0.0 ], [ -71.385091351967148, 46.947397637110683, 0.0 ], [ -71.385091152824828, 46.947385556728776, 0.0 ], [ -71.385091086542928, 46.94738153593152, 0.0 ], [ -71.385095523321041, 46.947365389403963, 0.0 ], [ -71.385095324326301, 46.947353318017079, 0.0 ], [ -71.385095257895884, 46.947349288224721, 0.0 ], [ -71.385099694670203, 46.947333141696937, 0.0 ], [ -71.385099495526461, 46.947321061314923, 0.0 ], [ -71.385099429244093, 46.947317040517625, 0.0 ], [ -71.385108555372582, 46.947300866732434, 0.0 ], [ -71.385117747716905, 46.947287913080807, 0.0 ], [ -71.385117548421121, 46.947275823703691, 0.0 ], [ -71.385117482137517, 46.9472718029064, 0.0 ], [ -71.385126674474819, 46.947258849254048, 0.0 ], [ -71.385126475177216, 46.947246759876883, 0.0 ], [ -71.385126408893001, 46.94724273907957, 0.0 ], [ -71.385130845797889, 46.947226601545474, 0.0 ], [ -71.385135256430146, 46.947210464214258, 0.0 ], [ -71.385144461887862, 46.947197510458892, 0.0 ], [ -71.385153640922837, 46.947184547910815, 0.0 ], [ -71.385167588659073, 46.947174778135278, 0.0 ], [ -71.385176727878388, 46.947158604242986, 0.0 ], [ -71.385185853808963, 46.947142421456462, 0.0 ], [ -71.385190290688087, 46.94712628391995, 0.0 ], [ -71.385190091525402, 46.947114203537801, 0.0 ], [ -71.385190025236739, 46.94711018274046, 0.0 ], [ -71.385194461963792, 46.94709403620864, 0.0 ], [ -71.385198872566562, 46.947077898874809, 0.0 ], [ -71.385198673253967, 46.947065809497509, 0.0 ], [ -71.385198606964778, 46.947061788700168, 0.0 ], [ -71.385193665459227, 46.947045723674734, 0.0 ], [ -71.385188697686743, 46.947029658852159, 0.0 ], [ -71.385188498376792, 46.947017569474724, 0.0 ], [ -71.385188432088455, 46.947013548677312, 0.0 ], [ -71.385197735591078, 46.946962720076527, 0.0 ], [ -71.38519825338399, 46.946959864271584, 0.0 ], [ -71.385195822591157, 46.946955052096264, 0.0 ], [ -71.385193246023306, 46.946941397764526, 0.0 ], [ -71.38518714914207, 46.946927761654578, 0.0 ], [ -71.385182194941009, 46.946913316045908, 0.0 ], [ -71.385182035672798, 46.946903655337849, 0.0 ], [ -71.385181969385215, 46.946899634540351, 0.0 ], [ -71.385183633141267, 46.94688899714177, 0.0 ], [ -71.385184108118679, 46.946885934754846, 0.0 ], [ -71.385176842596707, 46.946873126335717, 0.0 ], [ -71.385176669983281, 46.946862656071005, 0.0 ], [ -71.385176603696209, 46.946858635273486, 0.0 ], [ -71.385178729294623, 46.946844935589546, 0.0 ], [ -71.385183192845545, 46.946830417165714, 0.0 ], [ -71.385186487449346, 46.946816708443187, 0.0 ], [ -71.385186315130994, 46.946806256168536, 0.0 ], [ -71.385186248843311, 46.946802235370996, 0.0 ], [ -71.385183685420714, 46.946788580937039, 0.0 ], [ -71.385179913290955, 46.946774917855876, 0.0 ], [ -71.38517734987137, 46.946761263421713, 0.0 ], [ -71.385174773169936, 46.946747600093936, 0.0 ], [ -71.385173365413067, 46.946733127064739, 0.0 ], [ -71.385168424369326, 46.946718681353296, 0.0 ], [ -71.385167029812919, 46.946705008885424, 0.0 ], [ -71.385164453117014, 46.946691345557234, 0.0 ], [ -71.385158343285767, 46.946677718541537, 0.0 ], [ -71.38515224644425, 46.946664082428839, 0.0 ], [ -71.385143811807851, 46.946651274049842, 0.0 ], [ -71.385137714824836, 46.94663762894119, 0.0 ], [ -71.385130449348338, 46.946624820518252, 0.0 ], [ -71.385120644607028, 46.946612571499465, 0.0 ], [ -71.3851120509037, 46.946613222692477, 0.0 ], [ -71.385092296475136, 46.94661499473294, 0.0 ], [ -71.385075082190255, 46.946621838993195, 0.0 ], [ -71.385070056151747, 46.946630127381482, 0.0 ], [ -71.385066838114099, 46.946643700565893, 0.0 ], [ -71.385066904392474, 46.946647721363696, 0.0 ], [ -71.385067061562694, 46.946657256141478, 0.0 ], [ -71.385064469661344, 46.946668170600518, 0.0 ], [ -71.385064089317353, 46.946669801856565, 0.0 ], [ -71.385063843671048, 46.94667083832082, 0.0 ], [ -71.385058905107158, 46.946684433801884, 0.0 ], [ -71.385053966392547, 46.946698020287634, 0.0 ], [ -71.385050748495289, 46.94671160246655, 0.0 ], [ -71.385046673478882, 46.946725785021783, 0.0 ], [ -71.385042601809431, 46.946739373800476, 0.0 ], [ -71.385034211954377, 46.946752393213572, 0.0 ], [ -71.385015721631333, 46.946757538047237, 0.0 ], [ -71.385001735604064, 46.946745852117623, 0.0 ], [ -71.384994639119441, 46.946732934425391, 0.0 ], [ -71.384992646386891, 46.946716441766462, 0.0 ], [ -71.384992479296017, 46.946706304318674, 0.0 ], [ -71.384992413023085, 46.946702283520828, 0.0 ], [ -71.384988751601014, 46.946688160770229, 0.0 ], [ -71.384988584659311, 46.946678032317472, 0.0 ], [ -71.384988518386734, 46.946674011519598, 0.0 ], [ -71.384988351445145, 46.94666388306679, 0.0 ], [ -71.384988285172625, 46.946659862268909, 0.0 ], [ -71.384988118231163, 46.946649733816066, 0.0 ], [ -71.384988051958686, 46.946645713018192, 0.0 ], [ -71.384987865595249, 46.946634406210684, 0.0 ], [ -71.384987799322829, 46.946630385412803, 0.0 ], [ -71.38499099431138, 46.946616209662039, 0.0 ], [ -71.384994202433177, 46.946602033809661, 0.0 ], [ -71.385000871310851, 46.946589009710024, 0.0 ], [ -71.385002358761355, 46.94657484715826, 0.0 ], [ -71.385005566729575, 46.946560662310411, 0.0 ], [ -71.385005399785427, 46.94655053385744, 0.0 ], [ -71.385005333511884, 46.946546513059516, 0.0 ], [ -71.385006676894449, 46.946533970940813, 0.0 ], [ -71.385006847229889, 46.94653235030453, 0.0 ], [ -71.385007397822449, 46.94652989008037, 0.0 ], [ -71.385010055342804, 46.946518174451562, 0.0 ], [ -71.38501326345407, 46.946503998598459, 0.0 ], [ -71.3850130965088, 46.946493870145417, 0.0 ], [ -71.38501303023483, 46.946489849347451, 0.0 ], [ -71.385012863289703, 46.946479720894395, 0.0 ], [ -71.385012797015747, 46.946475700096407, 0.0 ], [ -71.385014284460397, 46.946461537544245, 0.0 ], [ -71.385014117515183, 46.946451409091132, 0.0 ], [ -71.385014051241228, 46.946447388293144, 0.0 ], [ -71.385015538684868, 46.946433225740904, 0.0 ], [ -71.38501702612777, 46.946419063188635, 0.0 ], [ -71.385016839611424, 46.946407747385678, 0.0 ], [ -71.385016773337355, 46.946403726587661, 0.0 ], [ -71.38500965747312, 46.946389630540615, 0.0 ], [ -71.385004262273426, 46.946375521192167, 0.0 ], [ -71.384997120146693, 46.946361425347298, 0.0 ], [ -71.384990004293343, 46.946347329298845, 0.0 ], [ -71.384989837353388, 46.94633720084547, 0.0 ], [ -71.384989771081507, 46.946333180047375, 0.0 ], [ -71.384989603993404, 46.946323042598884, 0.0 ], [ -71.384989537721594, 46.946319021800761, 0.0 ], [ -71.384989371078404, 46.946308911337475, 0.0 ], [ -71.384989304806624, 46.946304890539366, 0.0 ], [ -71.384994233421253, 46.946290692390555, 0.0 ], [ -71.384994066480814, 46.946280563937087, 0.0 ], [ -71.384994000208764, 46.946276543138943, 0.0 ], [ -71.384993833120191, 46.94626640569038, 0.0 ], [ -71.384993766848183, 46.946262384892229, 0.0 ], [ -71.384991350379877, 46.9462432955998, 0.0 ], [ -71.384980001382644, 46.946232192029107, 0.0 ], [ -71.384968639255362, 46.946221088558758, 0.0 ], [ -71.384952150510003, 46.946212966478491, 0.0 ], [ -71.384939077373559, 46.946202460985013, 0.0 ], [ -71.384920877619436, 46.946194936879856, 0.0 ], [ -71.384901872734304, 46.946190369755108, 0.0 ], [ -71.384882933140148, 46.946186575797526, 0.0 ], [ -71.384882023876244, 46.946186402900878, 0.0 ], [ -71.384862989942889, 46.946180072735004, 0.0 ], [ -71.384846504577297, 46.946171356862834, 0.0 ], [ -71.384830873124898, 46.946162643384909, 0.0 ], [ -71.384815241529324, 46.94615392090973, 0.0 ], [ -71.384797931620653, 46.946146983658409, 0.0 ], [ -71.384779738335581, 46.946140646981867, 0.0 ], [ -71.384764097120339, 46.946131339819708, 0.0 ], [ -71.384748749618097, 46.946122318264685, 0.0 ], [ -71.384742214248277, 46.946117933632486, 0.0 ], [ -71.384732288455865, 46.946104704926967, 0.0 ], [ -71.384719168129237, 46.946093722973259, 0.0 ], [ -71.384706011200024, 46.946080519234414, 0.0 ], [ -71.384700907209861, 46.94607371255173, 0.0 ], [ -71.384696622669864, 46.946068006071663, 0.0 ], [ -71.384696085423542, 46.946067290525562, 0.0 ], [ -71.384686123044858, 46.946051840032204, 0.0 ], [ -71.384672976471208, 46.946040858275936, 0.0 ], [ -71.384663076979763, 46.946027629361033, 0.0 ], [ -71.384646748865507, 46.946018885256166, 0.0 ], [ -71.384636823115159, 46.94600565654185, 0.0 ], [ -71.384626897369742, 46.945992427826624, 0.0 ], [ -71.384616971629242, 46.945979199110489, 0.0 ], [ -71.38461348485302, 46.945963707571302, 0.0 ], [ -71.384597120311227, 46.945952750670479, 0.0 ], [ -71.384583963446843, 46.945939546916847, 0.0 ], [ -71.384574050861559, 46.945926318095232, 0.0 ], [ -71.384564125146468, 46.945913089374173, 0.0 ], [ -71.384547724029034, 46.945899910682279, 0.0 ], [ -71.384537798325368, 46.945886681958825, 0.0 ], [ -71.38452467809212, 46.945875699981762, 0.0 ], [ -71.384514752398672, 46.94586247125617, 0.0 ], [ -71.38450482671017, 46.945849242529633, 0.0 ], [ -71.384494901026571, 46.945836013802193, 0.0 ], [ -71.384484988482583, 46.945822784972357, 0.0 ], [ -71.384471855141172, 46.945811803090429, 0.0 ], [ -71.384465173737638, 46.945798549296647, 0.0 ], [ -71.384458479202777, 46.945785295603912, 0.0 ], [ -71.384448517093844, 46.945769854083387, 0.0 ], [ -71.384435360311272, 46.945756650311708, 0.0 ], [ -71.38442866578913, 46.945743396617047, 0.0 ], [ -71.38442198440498, 46.945730142820487, 0.0 ], [ -71.384418497553966, 46.945714642279135, 0.0 ], [ -71.384405327805936, 46.945701447600285, 0.0 ], [ -71.384398646432913, 46.945688193802184, 0.0 ], [ -71.384391951928578, 46.945674940105107, 0.0 ], [ -71.384378831777283, 46.94566395811038, 0.0 ], [ -71.384365711483213, 46.945652967119031, 0.0 ], [ -71.384359016991496, 46.945639713419851, 0.0 ], [ -71.384352335637757, 46.945626459618786, 0.0 ], [ -71.384342410033526, 46.945613230877051, 0.0 ], [ -71.384335715700786, 46.945599986171437, 0.0 ], [ -71.384329034357876, 46.945586732368831, 0.0 ], [ -71.384319108766832, 46.945573503624935, 0.0 ], [ -71.384288597322637, 46.945528290386321, 0.0 ], [ -71.38427864434739, 46.945513397549391, 0.0 ], [ -71.384270334338751, 46.945500156322666, 0.0 ], [ -71.384270163243571, 46.94548976700856, 0.0 ], [ -71.384270097027539, 46.94548574620908, 0.0 ], [ -71.384273090827264, 46.945471311139222, 0.0 ], [ -71.384274469070505, 46.945456888547426, 0.0 ], [ -71.384279091556635, 46.945442440897736, 0.0 ], [ -71.384280469649497, 46.945428009310739, 0.0 ], [ -71.384285029420923, 46.945411349074647, 0.0 ], [ -71.384288062616491, 46.945396913699909, 0.0 ], [ -71.384292677045792, 46.945383572646982, 0.0 ], [ -71.384302146177831, 46.945369087560934, 0.0 ], [ -71.384314864481723, 46.945355674916172, 0.0 ], [ -71.384324351972637, 46.945342305217864, 0.0 ], [ -71.384333839310713, 46.945328926523715, 0.0 ], [ -71.384341711093441, 46.945315560307861, 0.0 ], [ -71.384347954187504, 46.945302206672096, 0.0 ], [ -71.384355825962871, 46.945288840455262, 0.0 ], [ -71.38436045350096, 46.94527549929807, 0.0 ], [ -71.384366709868502, 46.945262154554896, 0.0 ], [ -71.384371350536199, 46.945248813295777, 0.0 ], [ -71.384377580480816, 46.9452354597598, 0.0 ], [ -71.384387099144362, 46.945223187354244, 0.0 ], [ -71.384398233351078, 46.945210902468048, 0.0 ], [ -71.384406073743179, 46.945196429954684, 0.0 ], [ -71.384417213028883, 46.945185251562634, 0.0 ], [ -71.384428334234542, 46.945172975770078, 0.0 ], [ -71.384436219105893, 46.945159609446208, 0.0 ], [ -71.384447327167436, 46.945147333753305, 0.0 ], [ -71.384455198895836, 46.945133967529593, 0.0 ], [ -71.384455027767089, 46.94512357821533, 0.0 ], [ -71.384454961538069, 46.945119557415808, 0.0 ], [ -71.384459589037476, 46.94510621625448, 0.0 ], [ -71.384464216534624, 46.945092875092946, 0.0 ], [ -71.384481795054612, 46.945069888886259, 0.0 ], [ -71.384483106473326, 46.945068160476367, 0.0 ], [ -71.384479784115982, 46.945062644470767, 0.0 ], [ -71.384473089671928, 46.945049390776603, 0.0 ], [ -71.384458372192555, 46.945039518669169, 0.0 ], [ -71.384438868149203, 46.945034127670866, 0.0 ], [ -71.384422540375439, 46.945025383530208, 0.0 ], [ -71.384406244112682, 46.945017754675334, 0.0 ], [ -71.384393123972842, 46.945006763684866, 0.0 ], [ -71.384378375311044, 46.944995794268912, 0.0 ], [ -71.384370785943887, 46.944991210843504, 0.0 ], [ -71.384368636528706, 46.944989913998448, 0.0 ], [ -71.384362042471167, 46.944985943623415, 0.0 ], [ -71.384344135627501, 46.944979424739742, 0.0 ], [ -71.38433263119812, 46.944968430258122, 0.0 ], [ -71.384321108404095, 46.944956320385664, 0.0 ], [ -71.384310164372209, 46.944945852350251, 0.0 ], [ -71.384309603836272, 46.944945316906548, 0.0 ], [ -71.384299534189751, 46.944936893254919, 0.0 ], [ -71.38429648388211, 46.944934334899685, 0.0 ], [ -71.384284979472213, 46.944923340413062, 0.0 ], [ -71.384270262210094, 46.944913477275875, 0.0 ], [ -71.384250666836138, 46.944902536281738, 0.0 ], [ -71.384237546904515, 46.944891554267876, 0.0 ], [ -71.384229237004433, 46.944878313036043, 0.0 ], [ -71.384222542645617, 46.944865059326219, 0.0 ], [ -71.384217476961368, 46.944851793037287, 0.0 ], [ -71.384213990378129, 46.944836301481658, 0.0 ], [ -71.384199260018562, 46.944826438436365, 0.0 ], [ -71.384187755503746, 46.94481543494441, 0.0 ], [ -71.384184287149893, 46.944801049782342, 0.0 ], [ -71.384177592812051, 46.944787796069576, 0.0 ], [ -71.384169277859556, 46.944773448336825, 0.0 ], [ -71.384162583528948, 46.944760194623079, 0.0 ], [ -71.384155902336104, 46.944746940807448, 0.0 ], [ -71.384147592478968, 46.944733699569042, 0.0 ], [ -71.384144111007018, 46.944719314506877, 0.0 ], [ -71.384143939940941, 46.944708925191001, 0.0 ], [ -71.384143873736164, 46.944704904390832, 0.0 ], [ -71.384143702670215, 46.944694515074943, 0.0 ], [ -71.384143636465481, 46.944690494274752, 0.0 ], [ -71.38414346539966, 46.944680104958834, 0.0 ], [ -71.384143399194983, 46.94467608415863, 0.0 ], [ -71.38414322812929, 46.944665694842691, 0.0 ], [ -71.384143161924683, 46.944661674042472, 0.0 ], [ -71.384142990859118, 46.944651284726511, 0.0 ], [ -71.384142924654554, 46.944647263926285, 0.0 ], [ -71.384150434969726, 46.944623914706369, 0.0 ], [ -71.384156898486964, 46.944617567434591, 0.0 ], [ -71.384167226289279, 46.944605774593199, 0.0 ], [ -71.38418553854541, 46.944600226439256, 0.0 ], [ -71.38420252101831, 46.944592898304201, 0.0 ], [ -71.384219460431694, 46.944583753262179, 0.0 ], [ -71.384240427645423, 46.944579093212852, 0.0 ], [ -71.384256066892831, 46.944569967203407, 0.0 ], [ -71.384275648125751, 46.944561710367068, 0.0 ], [ -71.384295301740451, 46.944557051457387, 0.0 ], [ -71.384314970165391, 46.944553292052206, 0.0 ], [ -71.384333295670601, 46.944547752768429, 0.0 ], [ -71.38435562074018, 46.9445457810763, 0.0 ], [ -71.384373903326662, 46.944538433876751, 0.0 ], [ -71.384393512479107, 46.944531076426806, 0.0 ], [ -71.384411808189711, 46.944523729119794, 0.0 ], [ -71.384428777324672, 46.944516392057835, 0.0 ], [ -71.384445759589354, 46.944509054891888, 0.0 ], [ -71.384462728714993, 46.944501717824942, 0.0 ], [ -71.384479710970353, 46.944494380654007, 0.0 ], [ -71.384495322201147, 46.944484355205844, 0.0 ], [ -71.384512274664417, 46.944475210019412, 0.0 ], [ -71.384527900700746, 46.944466084074662, 0.0 ], [ -71.384542198479565, 46.944456068767749, 0.0 ], [ -71.384557822821861, 46.944446043209673, 0.0 ], [ -71.384573448841948, 46.94443691725877, 0.0 ], [ -71.384589087842883, 46.944427782209189, 0.0 ], [ -71.384604699033844, 46.944417756746248, 0.0 ], [ -71.38462168124309, 46.94441041955448, 0.0 ], [ -71.384635978989579, 46.944400404235978, 0.0 ], [ -71.384655617693952, 46.944394845757138, 0.0 ], [ -71.384673929975065, 46.944389306520769, 0.0 ], [ -71.384693598311287, 46.944385547051041, 0.0 ], [ -71.384714580077571, 46.944381777428212, 0.0 ], [ -71.384731549274136, 46.94437444931684, 0.0 ], [ -71.384747203050665, 46.944366213753653, 0.0 ], [ -71.384766856700182, 46.944361563758711, 0.0 ], [ -71.384786495376545, 46.944356005257561, 0.0 ], [ -71.384804807630672, 46.944350466000387, 0.0 ], [ -71.384824475943205, 46.944346706508313, 0.0 ], [ -71.384851059310876, 46.944341688073912, 0.0 ], [ -71.384870773922373, 46.944341535701504, 0.0 ], [ -71.384890533151605, 46.944344090844005, 0.0 ], [ -71.384907732076456, 46.944350705076737, 0.0 ], [ -71.384923020448838, 46.944360950556117, 0.0 ], [ -71.384931785839839, 46.944373927327661, 0.0 ], [ -71.384944456459721, 46.944385542471579, 0.0 ], [ -71.384955819077618, 46.944396699920986, 0.0 ], [ -71.384972376135295, 46.944404218727733, 0.0 ], [ -71.384993485888046, 46.944409012468832, 0.0 ], [ -71.38501323758679, 46.944411108840988, 0.0 ], [ -71.385032981725942, 46.944412746460827, 0.0 ], [ -71.385054039596284, 46.94441439191376, 0.0 ], [ -71.385074462990616, 46.944417391701279, 0.0 ], [ -71.385093580218609, 46.944420842398003, 0.0 ], [ -71.38511467332043, 46.944423828004652, 0.0 ], [ -71.385134432591002, 46.944426383104762, 0.0 ], [ -71.385150911440135, 46.94442596782158, 0.0 ], [ -71.385154653688446, 46.944425875914995, 0.0 ], [ -71.384972243015724, 46.944237528736906, 0.0 ], [ -71.384254701052996, 46.943480328167759, 0.0 ], [ -71.384002366767575, 46.943214063387039, 0.0 ], [ -71.383649054613002, 46.942841225511955, 0.0 ], [ -71.38337077980573, 46.942547577102943, 0.0 ], [ -71.383267874717106, 46.942445283313731, 0.0 ], [ -71.382898385488261, 46.942052200431412, 0.0 ], [ -71.382540800127373, 46.941671772226073, 0.0 ], [ -71.38253589373997, 46.941666556251278, 0.0 ], [ -71.380952027261173, 46.939994957768178, 0.0 ], [ -71.380891498708991, 46.93993152329336, 0.0 ], [ -71.380479816904128, 46.939500037330298, 0.0 ], [ -71.379991685402103, 46.938988432330547, 0.0 ], [ -71.379795553227197, 46.938782855491326, 0.0 ], [ -71.379340363225126, 46.938305755949948, 0.0 ], [ -71.379163333107499, 46.938120209835539, 0.0 ], [ -71.37898637076546, 46.937934716899662, 0.0 ], [ -71.378938715996881, 46.937884766842963, 0.0 ], [ -71.378718308080238, 46.937651989964699, 0.0 ], [ -71.378500494836857, 46.937421945591666, 0.0 ], [ -71.378282696747192, 46.937191909676891, 0.0 ], [ -71.377912781144559, 46.936801206686482, 0.0 ], [ -71.377533596550208, 46.936396728322805, 0.0 ], [ -71.375311234146523, 46.934026185290691, 0.0 ], [ -71.37470219817024, 46.933365757288264, 0.0 ], [ -71.373985058474432, 46.93261611694809, 0.0 ], [ -71.373962105209017, 46.93262520744706, 0.0 ], [ -71.373959364864021, 46.932626289922865, 0.0 ], [ -71.373906163895995, 46.932647360403074, 0.0 ], [ -71.373302720778966, 46.932886353167383, 0.0 ], [ -71.372832523365275, 46.933068028481607, 0.0 ], [ -71.372666836884875, 46.933132040326072, 0.0 ], [ -71.371308546151511, 46.9336592828029, 0.0 ], [ -71.36976960795424, 46.934357928516128, 0.0 ], [ -71.369436143410383, 46.934518354384323, 0.0 ], [ -71.368086809160417, 46.935167506356393, 0.0 ], [ -71.367598104218416, 46.935402603083347, 0.0 ], [ -71.366740426543927, 46.935815198568953, 0.0 ], [ -71.365939728438335, 46.936200358926534, 0.0 ], [ -71.365139018953968, 46.936585522729338, 0.0 ], [ -71.365046327350314, 46.936630106759715, 0.0 ], [ -71.364196443403259, 46.937038917724088, 0.0 ], [ -71.36356296765203, 46.937343614118333, 0.0 ], [ -71.363176263047379, 46.937529621650853, 0.0 ], [ -71.362821306454194, 46.937700400885234, 0.0 ], [ -71.362081656523742, 46.938056268048008, 0.0 ], [ -71.362079635368289, 46.938057182890276, 0.0 ], [ -71.36191184935295, 46.938133708650547, 0.0 ], [ -71.361600324585623, 46.938276079857175, 0.0 ], [ -71.361137440642381, 46.938511323341686, 0.0 ], [ -71.360590714082903, 46.938789171615277, 0.0 ], [ -71.360593371231644, 46.938791877498531, 0.0 ], [ -71.360672862700895, 46.938873064639715, 0.0 ], [ -71.360886994882364, 46.939091727290233, 0.0 ], [ -71.361101128814383, 46.939310389520436, 0.0 ], [ -71.361529362530362, 46.939747713016367, 0.0 ], [ -71.362894217296642, 46.94114143007593, 0.0 ], [ -71.362891397346516, 46.941142503888315, 0.0 ], [ -71.358246237425348, 46.942914492008384, 0.0 ], [ -71.3582409497577, 46.942916510815529, 0.0 ], [ -71.358095863829405, 46.942991961106586, 0.0 ], [ -71.35754038957262, 46.943277785775578, 0.0 ], [ -71.356984316316812, 46.943547023183754, 0.0 ], [ -71.356831036600425, 46.943621228741868, 0.0 ], [ -71.356631677127936, 46.943717738657952, 0.0 ], [ -71.356583370928305, 46.943745376627611, 0.0 ], [ -71.35642963916284, 46.943833313257748, 0.0 ], [ -71.356274246580597, 46.943921747897036, 0.0 ], [ -71.355957166025036, 46.944097683016572, 0.0 ], [ -71.355698686217579, 46.944241674517059, 0.0 ], [ -71.355400814534718, 46.94439500994973, 0.0 ], [ -71.355285408171412, 46.944444901545424, 0.0 ], [ -71.354516408993064, 46.944777305467753, 0.0 ], [ -71.354385347784358, 46.944839071051334, 0.0 ], [ -71.353630057784358, 46.945194999740565, 0.0 ], [ -71.353266236435218, 46.945374298574222, 0.0 ], [ -71.352085332424991, 46.945786807810016, 0.0 ], [ -71.351667514358667, 46.945932335770344, 0.0 ], [ -71.351291750794829, 46.946259767841859, 0.0 ], [ -71.351059514040585, 46.946462154998038, 0.0 ], [ -71.350459210098947, 46.946985985261428, 0.0 ], [ -71.35046113973533, 46.946988381912696, 0.0 ], [ -71.350654342701731, 46.947227343388008, 0.0 ], [ -71.351027529121609, 46.947688945512844, 0.0 ], [ -71.351681180103299, 46.94849742341767, 0.0 ], [ -71.351678858545228, 46.948498484248177, 0.0 ], [ -71.340454357133424, 46.95359568367931, 0.0 ], [ -71.340457211772048, 46.953598433554099, 0.0 ], [ -71.341136560229472, 46.95425385570627, 0.0 ], [ -71.341133794941101, 46.954255135490264, 0.0 ], [ -71.340182994964593, 46.954696678276576, 0.0 ], [ -71.340163742437753, 46.954705617841739, 0.0 ], [ -71.339527988430532, 46.955000840657874, 0.0 ], [ -71.339229426903998, 46.955139483880046, 0.0 ], [ -71.339210121931742, 46.955148450656885, 0.0 ], [ -71.338757574091517, 46.955358589513423, 0.0 ], [ -71.338573900825693, 46.955443878478683, 0.0 ], [ -71.337620449645016, 46.955886606769056, 0.0 ], [ -71.336686132114863, 46.956320442942641, 0.0 ], [ -71.336621689009661, 46.956258273343749, 0.0 ], [ -71.336596404074484, 46.956231775384104, 0.0 ], [ -71.336593719435356, 46.95622897019495, 0.0 ], [ -71.336287885665385, 46.955908528915032, 0.0 ], [ -71.332694209287993, 46.952142841729881, 0.0 ], [ -71.330957253507137, 46.950322511916525, 0.0 ], [ -71.328492839479225, 46.947739541407799, 0.0 ], [ -71.326954604319653, 46.946128753662819, 0.0 ], [ -71.324082811690559, 46.943121180074797, 0.0 ], [ -71.324081761791319, 46.943120065354066, 0.0 ], [ -71.32390205462157, 46.942931844460041, 0.0 ], [ -71.322635862111838, 46.943498867770245, 0.0 ], [ -71.321505431422679, 46.942404570475965, 0.0 ], [ -71.321431420200554, 46.942332915877927, 0.0 ], [ -71.321264892804464, 46.942171719858877, 0.0 ], [ -71.321103006074793, 46.942015006412227, 0.0 ], [ -71.320941120293057, 46.941858292726458, 0.0 ], [ -71.320779235596703, 46.941701587796821, 0.0 ], [ -71.320617351710737, 46.941544873632836, 0.0 ], [ -71.320455468772664, 46.941388159229746, 0.0 ], [ -71.320293599916241, 46.941231444493482, 0.0 ], [ -71.320131705740138, 46.941074729706308, 0.0 ], [ -71.319969825645657, 46.940918014585932, 0.0 ], [ -71.319795584655253, 46.940745698339761, 0.0 ], [ -71.319650030811246, 46.940601721450264, 0.0 ], [ -71.319533594396873, 46.940490210213028, 0.0 ], [ -71.31941715833031, 46.940378689856935, 0.0 ], [ -71.319277155742299, 46.940244595583977, 0.0 ], [ -71.319138842041383, 46.940110093219921, 0.0 ], [ -71.319000528898385, 46.939975581686063, 0.0 ], [ -71.318936052385027, 46.939912880450898, 0.0 ], [ -71.318789607640028, 46.939770474165776, 0.0 ], [ -71.318703639693624, 46.939686875343391, 0.0 ], [ -71.318578687860906, 46.939565357244241, 0.0 ], [ -71.318521172003159, 46.939509434134457, 0.0 ], [ -71.318359837219276, 46.939352541876694, 0.0 ], [ -71.318326052860868, 46.939319668276141, 0.0 ], [ -71.318196273759256, 46.939196726869739, 0.0 ], [ -71.31803474524132, 46.939039925493788, 0.0 ], [ -71.317893986331754, 46.938903145038424, 0.0 ], [ -71.317873334909663, 46.938883060068676, 0.0 ], [ -71.317712043037787, 46.938726148585374, 0.0 ], [ -71.317550739115248, 46.938569245953694, 0.0 ], [ -71.317389449134467, 46.938412333995565, 0.0 ], [ -71.317228146966158, 46.938255421893764, 0.0 ], [ -71.317066845606604, 46.938098500559299, 0.0 ], [ -71.316905545329504, 46.937941587982635, 0.0 ], [ -71.316744245997967, 46.937784675168572, 0.0 ], [ -71.316582587689894, 46.937627413831514, 0.0 ], [ -71.316421546065754, 46.937470912544065, 0.0 ], [ -71.316260145328556, 46.937314053738149, 0.0 ], [ -71.31609873240437, 46.937157194788128, 0.0 ], [ -71.315937320426059, 46.937000335600366, 0.0 ], [ -71.315775922662951, 46.936843485076551, 0.0 ], [ -71.31561452570898, 46.936686625319766, 0.0 ], [ -71.315510145595894, 46.93658518977238, 0.0 ], [ -71.315453116568122, 46.936529765418854, 0.0 ], [ -71.315265313692791, 46.936347256084261, 0.0 ], [ -71.315190749934686, 46.936272704541828, 0.0 ], [ -71.315224159843908, 46.936288084090592, 0.0 ], [ -71.315249147380086, 46.936299772179296, 0.0 ], [ -71.315279299823331, 46.936308211830067, 0.0 ], [ -71.315322500226443, 46.936315308076416, 0.0 ], [ -71.315358974021706, 46.936322272288301, 0.0 ], [ -71.315447553937986, 46.936341577031612, 0.0 ], [ -71.315480734488744, 46.936348762578298, 0.0 ], [ -71.315513873896563, 46.936354967819923, 0.0 ], [ -71.315566351270121, 46.93636407601965, 0.0 ], [ -71.315592486415213, 46.936368297987805, 0.0 ], [ -71.315642675228645, 46.936375461279056, 0.0 ], [ -71.315685157729774, 46.936380250473363, 0.0 ], [ -71.315725639901416, 46.936382184108766, 0.0 ], [ -71.315752321397582, 46.93638173310697, 0.0 ], [ -71.315778682126648, 46.936380051901807, 0.0 ], [ -71.315831208569008, 46.936373362259793, 0.0 ], [ -71.3158579604642, 46.936368034777857, 0.0 ], [ -71.315892472296142, 46.93635823484194, 0.0 ], [ -71.315922081723556, 46.936346481668529, 0.0 ], [ -71.315943419228162, 46.936335759033994, 0.0 ], [ -71.315983751596661, 46.936311406676616, 0.0 ], [ -71.31600513661742, 46.936296032643526, 0.0 ], [ -71.316031333053132, 46.936273166441339, 0.0 ], [ -71.316050175531487, 46.936257288741274, 0.0 ], [ -71.316064873836538, 46.936233173047235, 0.0 ], [ -71.316072525408345, 46.936209467430416, 0.0 ], [ -71.316072822330966, 46.936185787249464, 0.0 ], [ -71.316069416197692, 46.936158696906205, 0.0 ], [ -71.316061741854227, 46.936131627990527, 0.0 ], [ -71.316039428709615, 46.936095415298638, 0.0 ], [ -71.316024255909142, 46.936073599645944, 0.0 ], [ -71.316010182331183, 46.93604892435296, 0.0 ], [ -71.316011186510238, 46.936017331448404, 0.0 ], [ -71.316018721196201, 46.935997171180219, 0.0 ], [ -71.3160296987934, 46.935976266673265, 0.0 ], [ -71.316045609296182, 46.935954139502257, 0.0 ], [ -71.316060966627859, 46.935937962777047, 0.0 ], [ -71.316095500235022, 46.935914056542074, 0.0 ], [ -71.316135723114684, 46.93589548948259, 0.0 ], [ -71.316175097789255, 46.935879879217765, 0.0 ], [ -71.31621598760708, 46.935863718363748, 0.0 ], [ -71.316260925502462, 46.935846017267316, 0.0 ], [ -71.316300249077841, 46.935830506282052, 0.0 ], [ -71.316333346234671, 46.935811477174916, 0.0 ], [ -71.316358406993501, 46.935791686706487, 0.0 ], [ -71.316378832410393, 46.935769365361949, 0.0 ], [ -71.316381188211935, 46.935750672398335, 0.0 ], [ -71.316380262703944, 46.93571397439645, 0.0 ], [ -71.316381582317192, 46.935690187961434, 0.0 ], [ -71.316381607932243, 46.935671133772217, 0.0 ], [ -71.316375079995183, 46.935628763116135, 0.0 ], [ -71.316370533454077, 46.935582815825057, 0.0 ], [ -71.316368385004878, 46.935560709425054, 0.0 ], [ -71.316037569154389, 46.935237314548033, 0.0 ], [ -71.315915330535873, 46.935117807271105, 0.0 ], [ -71.315897933244344, 46.935095647602651, 0.0 ], [ -71.315879289941833, 46.935064086757883, 0.0 ], [ -71.315860943303818, 46.935028709395624, 0.0 ], [ -71.315848556596421, 46.93500525454057, 0.0 ], [ -71.315813828962121, 46.934958415759283, 0.0 ], [ -71.315794062546644, 46.934933322194134, 0.0 ], [ -71.315778997097667, 46.934914222600582, 0.0 ], [ -71.315744074367174, 46.934874420237271, 0.0 ], [ -71.315721175366775, 46.934852335727172, 0.0 ], [ -71.315685330794977, 46.934821877997585, 0.0 ], [ -71.315660233823451, 46.93480640336967, 0.0 ], [ -71.315633024644683, 46.93479626955078, 0.0 ], [ -71.315595019638891, 46.93478873157882, 0.0 ], [ -71.315555979204674, 46.934783063189293, 0.0 ], [ -71.315521175676651, 46.934772722552367, 0.0 ], [ -71.315488739711441, 46.934754826202195, 0.0 ], [ -71.315455921796158, 46.934733397046017, 0.0 ], [ -71.315426941063876, 46.934703457107688, 0.0 ], [ -71.3154114102649, 46.934685701217489, 0.0 ], [ -71.315377001219574, 46.934650294237528, 0.0 ], [ -71.315361033204141, 46.93462968965018, 0.0 ], [ -71.315348939056165, 46.934609048475338, 0.0 ], [ -71.315334182190114, 46.93457565161922, 0.0 ], [ -71.315323722223866, 46.934558840192508, 0.0 ], [ -71.3153092946783, 46.934538485517621, 0.0 ], [ -71.315296650173124, 46.934520520135891, 0.0 ], [ -71.315283528498952, 46.934503997547203, 0.0 ], [ -71.315266803105359, 46.934484540860645, 0.0 ], [ -71.31442679835348, 46.933659331045909, 0.0 ], [ -71.314106184637623, 46.93334462025306, 0.0 ], [ -71.313534771305768, 46.932783718930196, 0.0 ], [ -71.313489418372626, 46.932739212985709, 0.0 ], [ -71.313389791562656, 46.932651685827871, 0.0 ], [ -71.313279585399314, 46.932993066026796, 0.0 ], [ -71.313141092033291, 46.93329822128193, 0.0 ], [ -71.312789791116074, 46.93381561503174, 0.0 ], [ -71.31277707258802, 46.933834354507333, 0.0 ], [ -71.312653570123075, 46.933953558620665, 0.0 ], [ -71.312410068264825, 46.934235258416493, 0.0 ], [ -71.312354229569152, 46.934299851723303, 0.0 ], [ -71.311994969784195, 46.93473564065583, 0.0 ], [ -71.311660961530947, 46.935168028753523, 0.0 ], [ -71.311648659517715, 46.935183958323321, 0.0 ], [ -71.311398160793942, 46.935376175064256, 0.0 ], [ -71.311110292650525, 46.935567396538119, 0.0 ], [ -71.311000752633873, 46.935459273245058, 0.0 ], [ -71.310774114516818, 46.935235568016594, 0.0 ], [ -71.310685587758044, 46.935148193834948, 0.0 ], [ -71.310183068321791, 46.934672962959873, 0.0 ], [ -71.309271980103205, 46.935105576060074, 0.0 ], [ -71.308352635969015, 46.935529037018554, 0.0 ], [ -71.307690044053629, 46.935836229509832, 0.0 ], [ -71.307592483429872, 46.9357400014229, 0.0 ], [ -71.30740291015664, 46.935553083528724, 0.0 ], [ -71.307217310731829, 46.935370068647408, 0.0 ], [ -71.306922143187862, 46.935078998433305, 0.0 ], [ -71.306656360669692, 46.934816913159267, 0.0 ], [ -71.306467113428411, 46.934630279273399, 0.0 ], [ -71.306288732378832, 46.934454373010993, 0.0 ], [ -71.305872145545123, 46.934043551689818, 0.0 ], [ -71.305550198301177, 46.933726055544717, 0.0 ], [ -71.305356346745256, 46.933534891103818, 0.0 ], [ -71.305250330067949, 46.933430335989961, 0.0 ], [ -71.305087233440148, 46.933269487960246, 0.0 ], [ -71.304900103507606, 46.933084941671623, 0.0 ], [ -71.304712788325091, 46.932900216449873, 0.0 ], [ -71.304525474165743, 46.932715472917245, 0.0 ], [ -71.304316033783337, 46.932508915731638, 0.0 ], [ -71.304113380009596, 46.932309057661854, 0.0 ], [ -71.30392547018009, 46.932123723564871, 0.0 ], [ -71.303738041789614, 46.931938880567365, 0.0 ], [ -71.303550774424252, 46.931754180067678, 0.0 ], [ -71.303221083958832, 46.931429030845521, 0.0 ], [ -71.302524406302595, 46.930741881504503, 0.0 ], [ -71.301979892350616, 46.930996458130998, 0.0 ], [ -71.301397526084529, 46.931268740815916, 0.0 ], [ -71.301222804557781, 46.931350426021304, 0.0 ], [ -71.301132659215455, 46.931392574469989, 0.0 ], [ -71.3007978863576, 46.93154909401278, 0.0 ], [ -71.300584206523808, 46.931648989218097, 0.0 ], [ -71.300370865033898, 46.931748728720869, 0.0 ], [ -71.298489466148141, 46.932628283981849, 0.0 ], [ -71.297710420588658, 46.932992475414217, 0.0 ], [ -71.298347769205748, 46.933625730287737, 0.0 ], [ -71.297106377577464, 46.934258484361337, 0.0 ], [ -71.294623623873335, 46.935523906653422, 0.0 ], [ -71.292451012108572, 46.936631151935444, 0.0 ], [ -71.292220312244083, 46.936748718836768, 0.0 ], [ -71.290898706015, 46.937422209249995, 0.0 ], [ -71.290421378704266, 46.937622927756671, 0.0 ], [ -71.290306324551281, 46.93767130303781, 0.0 ], [ -71.29024357602222, 46.937697690266482, 0.0 ], [ -71.290118209182239, 46.937750400747923, 0.0 ], [ -71.289588439278873, 46.93797316756141, 0.0 ], [ -71.289194515815879, 46.938138796187602, 0.0 ], [ -71.288933295652782, 46.938248632139398, 0.0 ], [ -71.288292655330537, 46.938548903614965, 0.0 ], [ -71.287736982514417, 46.93880933639776, 0.0 ], [ -71.287665326554134, 46.938842917493432, 0.0 ], [ -71.28724510745576, 46.939039847194124, 0.0 ], [ -71.287060624111291, 46.93912631876443, 0.0 ], [ -71.286975974504372, 46.939165998224354, 0.0 ], [ -71.28692255470304, 46.939191033038966, 0.0 ], [ -71.28663888114842, 46.939314566357709, 0.0 ], [ -71.286520647560849, 46.939366054357855, 0.0 ], [ -71.285968683191896, 46.939606409461184, 0.0 ], [ -71.285461638146316, 46.93982721081786, 0.0 ], [ -71.284925483195735, 46.940060678250454, 0.0 ], [ -71.285141446689849, 46.940277148695671, 0.0 ], [ -71.280066886465434, 46.94265131064229, 0.0 ], [ -71.279670363841745, 46.942836805639431, 0.0 ], [ -71.279431695685162, 46.942947608721639, 0.0 ], [ -71.279270556318309, 46.943022420571928, 0.0 ], [ -71.279063264964705, 46.943118552402161, 0.0 ], [ -71.278694778439686, 46.943289432296005, 0.0 ], [ -71.278389807465246, 46.943430857415386, 0.0 ], [ -71.278084834878825, 46.94357228172845, 0.0 ], [ -71.277461941084553, 46.943861135338402, 0.0 ], [ -71.276839040565591, 46.94414998558463, 0.0 ], [ -71.274944174573463, 46.945028603944891, 0.0 ], [ -71.274443502443447, 46.945260756247642, 0.0 ], [ -71.274320953495007, 46.945317136707331, 0.0 ], [ -71.273951530283895, 46.945487089965191, 0.0 ], [ -71.273107037978164, 46.945875593113485, 0.0 ], [ -71.273008237046412, 46.945921043339631, 0.0 ], [ -71.272702593779357, 46.94606163910332, 0.0 ], [ -71.272556316294896, 46.94612893726601, 0.0 ], [ -71.272418325040533, 46.946192409927896, 0.0 ], [ -71.272091250273718, 46.946342855541104, 0.0 ], [ -71.271625407702146, 46.946556012472357, 0.0 ], [ -71.271542885463916, 46.94659541421845, 0.0 ], [ -71.271242701011147, 46.946737039822835, 0.0 ], [ -71.271164333745929, 46.946774002322819, 0.0 ], [ -71.270702949401525, 46.946991677527272, 0.0 ], [ -71.270279936225734, 46.947191226253452, 0.0 ], [ -71.270211714129488, 46.947288061530692, 0.0 ], [ -71.270169679622484, 46.947306579602277, 0.0 ], [ -71.270051498694585, 46.947358562922844, 0.0 ], [ -71.269951661006658, 46.947402623056867, 0.0 ], [ -71.269902224565683, 46.947424402451546, 0.0 ], [ -71.269714282274734, 46.947507207700852, 0.0 ], [ -71.269684173061862, 46.947520967394787, 0.0 ], [ -71.269655029798727, 46.947534297765756, 0.0 ], [ -71.269626640308616, 46.947499403425638, 0.0 ], [ -71.268376041508802, 46.948112986754253, 0.0 ], [ -71.267659604005942, 46.948435196621254, 0.0 ], [ -71.267424254670232, 46.948540851423502, 0.0 ], [ -71.267114422278595, 46.948679939900906, 0.0 ], [ -71.266482978232517, 46.948963383991838, 0.0 ], [ -71.265840588889276, 46.949251755741813, 0.0 ], [ -71.265719960563743, 46.949305901028296, 0.0 ], [ -71.26537760704872, 46.94946818756133, 0.0 ], [ -71.264916660879109, 46.949686682018381, 0.0 ], [ -71.264455737089591, 46.949905165462461, 0.0 ], [ -71.263994796400354, 46.950123647152161, 0.0 ], [ -71.263691032537977, 46.950267624727623, 0.0 ], [ -71.26337527468219, 46.950417295089203, 0.0 ], [ -71.263260895608681, 46.950471504056424, 0.0 ], [ -71.262793458667929, 46.950694846147435, 0.0 ], [ -71.262744982018845, 46.950718019445858, 0.0 ], [ -71.262518125970132, 46.950826432326238, 0.0 ], [ -71.262254996725076, 46.950951540297595, 0.0 ], [ -71.26193942008895, 46.951101583308116, 0.0 ], [ -71.26147544006156, 46.951310071250852, 0.0 ], [ -71.260833183028495, 46.951598665753195, 0.0 ], [ -71.259926076643552, 46.952006244232756, 0.0 ], [ -71.259546230346203, 46.952173026265385, 0.0 ], [ -71.259367600370723, 46.952251452474691, 0.0 ], [ -71.259222878480301, 46.95231498976333, 0.0 ], [ -71.258899538034214, 46.952456952267362, 0.0 ], [ -71.258576169597831, 46.952598914038724, 0.0 ], [ -71.258006921876444, 46.952848838004819, 0.0 ], [ -71.257926043321334, 46.952879492688673, 0.0 ], [ -71.256576901483001, 46.953390673229329, 0.0 ], [ -71.255628169012681, 46.953750129024286, 0.0 ], [ -71.255270664355891, 46.953885577551596, 0.0 ], [ -71.25400336224024, 46.954540684503506, 0.0 ], [ -71.253696324710916, 46.954699410712799, 0.0 ], [ -71.253389285235144, 46.954858127109375, 0.0 ], [ -71.25310495353547, 46.955005106224007, 0.0 ], [ -71.252780275067423, 46.955172942182337, 0.0 ], [ -71.252161304806719, 46.955492884278563, 0.0 ], [ -71.251881779711681, 46.95563737279781, 0.0 ], [ -71.251729631781799, 46.955995646372195, 0.0 ], [ -71.251310267914704, 46.95698319334538, 0.0 ], [ -71.251103711525431, 46.957065073429781, 0.0 ], [ -71.25052603392669, 46.957292110957091, 0.0 ], [ -71.250397961039653, 46.957342447426036, 0.0 ], [ -71.249760651764831, 46.957592056475768, 0.0 ], [ -71.249727904091458, 46.957604883566937, 0.0 ], [ -71.249584492601826, 46.957661544919425, 0.0 ], [ -71.249551236731747, 46.957674681157158, 0.0 ], [ -71.249307302804183, 46.957770377917171, 0.0 ], [ -71.24887461742631, 46.957940114987125, 0.0 ], [ -71.248507568035961, 46.958084969713951, 0.0 ], [ -71.248159856436075, 46.958222185086107, 0.0 ], [ -71.247810810222944, 46.958359929892943, 0.0 ], [ -71.247325689031214, 46.958551369482642, 0.0 ], [ -71.246933972501395, 46.958705952082937, 0.0 ], [ -71.246537052678846, 46.958862582408528, 0.0 ], [ -71.246329104680399, 46.958944642837132, 0.0 ], [ -71.246128957503771, 46.959023620338009, 0.0 ], [ -71.245662001806323, 46.959207881460038, 0.0 ], [ -71.24516149718761, 46.959405376491169, 0.0 ], [ -71.244861258007617, 46.959523848651088, 0.0 ], [ -71.244243682362168, 46.959767531919944, 0.0 ], [ -71.243950613537393, 46.959883166256255, 0.0 ], [ -71.243750446312973, 46.959962148706786, 0.0 ], [ -71.243550291510545, 46.960041121728928, 0.0 ], [ -71.243361191974785, 46.960115731446407, 0.0 ], [ -71.242838532430525, 46.960321960462451, 0.0 ], [ -71.24280430596157, 46.960335460875875, 0.0 ], [ -71.242282543713827, 46.960541321673844, 0.0 ], [ -71.24221294033066, 46.960568788419309, 0.0 ], [ -71.241899906857796, 46.96069229261029, 0.0 ], [ -71.241659743262929, 46.960787048954451, 0.0 ], [ -71.241622288314105, 46.96080182939064, 0.0 ], [ -71.241586698770931, 46.960815626145177, 0.0 ], [ -71.241003031359853, 46.961041970493454, 0.0 ], [ -71.24094479117278, 46.961064558964054, 0.0 ], [ -71.240771337959785, 46.961131821207999, 0.0 ], [ -71.240724625375336, 46.961149935852951, 0.0 ], [ -71.240464019779012, 46.96125099330213, 0.0 ], [ -71.240431814872537, 46.961263481353704, 0.0 ], [ -71.240274319141136, 46.961324558229414, 0.0 ], [ -71.239996067009457, 46.961432457841539, 0.0 ], [ -71.239813566844333, 46.961503231630722, 0.0 ], [ -71.239774904946884, 46.961518226170654, 0.0 ], [ -71.239603827565631, 46.961584562673629, 0.0 ], [ -71.239268533590632, 46.961714581720308, 0.0 ], [ -71.238933237859044, 46.961844590795927, 0.0 ], [ -71.238785162450654, 46.961902006346655, 0.0 ], [ -71.238597994041669, 46.961974670519801, 0.0 ], [ -71.238262801890116, 46.962104802901642, 0.0 ], [ -71.237860647492184, 46.962260923983152, 0.0 ], [ -71.237649962546627, 46.962342716330213, 0.0 ], [ -71.236899856982319, 46.962696714992248, 0.0 ], [ -71.236111030507075, 46.963068985989025, 0.0 ], [ -71.235716658708725, 46.963255087684026, 0.0 ], [ -71.235322284166443, 46.963441188029954, 0.0 ], [ -71.234976280560886, 46.963604468093799, 0.0 ], [ -71.234659912851797, 46.963753765821089, 0.0 ], [ -71.234610755576313, 46.963776958490186, 0.0 ], [ -71.234159191534502, 46.963998128948973, 0.0 ], [ -71.233962438809513, 46.964094497893186, 0.0 ], [ -71.233909128862834, 46.96412060464997, 0.0 ], [ -71.233629760039463, 46.964257427555218, 0.0 ], [ -71.23325829741249, 46.964439361645582, 0.0 ], [ -71.232665769175696, 46.964729574841527, 0.0 ], [ -71.232463854484692, 46.964828439175662, 0.0 ], [ -71.231747318621828, 46.965168748835325, 0.0 ], [ -71.231318410975902, 46.965372436597967, 0.0 ], [ -71.230636964358581, 46.965691778968996, 0.0 ], [ -71.230163993442901, 46.965913412026588, 0.0 ], [ -71.229846918836031, 46.966061990183277, 0.0 ], [ -71.229212868848066, 46.966359098233688, 0.0 ], [ -71.228599718224601, 46.966646407878507, 0.0 ], [ -71.227944747740111, 46.966953303871648, 0.0 ], [ -71.227627660925933, 46.967101884919209, 0.0 ], [ -71.227310558965769, 46.967250447187183, 0.0 ], [ -71.226993468628265, 46.96739902649017, 0.0 ], [ -71.22667637652907, 46.96754760492091, 0.0 ], [ -71.226570678689953, 46.96759712487372, 0.0 ], [ -71.226360653657494, 46.967695526058094, 0.0 ], [ -71.225389054407415, 46.96815074717265, 0.0 ], [ -71.224807923057881, 46.968423016848348, 0.0 ], [ -71.224657466432035, 46.968505078592557, 0.0 ], [ -71.224331869519787, 46.968682698947568, 0.0 ], [ -71.223865178415735, 46.968937273015392, 0.0 ], [ -71.223554996457651, 46.969106463242262, 0.0 ], [ -71.223439304009275, 46.969169573671614, 0.0 ], [ -71.22324174697286, 46.969277345284745, 0.0 ], [ -71.222928482226735, 46.969448217563695, 0.0 ], [ -71.222856571477436, 46.969487445031717, 0.0 ], [ -71.220147224306459, 46.966660084338478, 0.0 ], [ -71.217816897785397, 46.964227958395028, 0.0 ], [ -71.216883899308385, 46.963254148136066, 0.0 ], [ -71.214547349151815, 46.960835541647107, 0.0 ], [ -71.214200524062107, 46.960479469004106, 0.0 ], [ -71.214184989932079, 46.960463462752244, 0.0 ], [ -71.214078949466554, 46.960349782788413, 0.0 ], [ -71.213636877965698, 46.959892735599595, 0.0 ], [ -71.213190997044009, 46.959437176779112, 0.0 ], [ -71.213079531284833, 46.959323286770115, 0.0 ], [ -71.212576036473493, 46.958808835513381, 0.0 ], [ -71.212077146590246, 46.958299067361089, 0.0 ], [ -71.211966844233771, 46.958186347513568, 0.0 ], [ -71.211743857088791, 46.957958502332851, 0.0 ], [ -71.211521031408964, 46.957730799645752, 0.0 ], [ -71.211409279787205, 46.957616612885126, 0.0 ], [ -71.211186603500394, 46.957389061542607, 0.0 ], [ -71.210963689644871, 46.957161286330283, 0.0 ], [ -71.210852313150298, 46.957047465530479, 0.0 ], [ -71.210629740511919, 46.956819444641347, 0.0 ], [ -71.210407249550528, 46.956591494774621, 0.0 ], [ -71.210295235405482, 46.956476966681848, 0.0 ], [ -71.210075646580236, 46.956248683288855, 0.0 ], [ -71.209742061038511, 46.955906647790734, 0.0 ], [ -71.209520601026142, 46.955679580401771, 0.0 ], [ -71.209300570606786, 46.955454168013887, 0.0 ], [ -71.209198190517753, 46.955351472095117, 0.0 ], [ -71.209133036818073, 46.955285897664261, 0.0 ], [ -71.208957190317037, 46.955108898266438, 0.0 ], [ -71.208792918467637, 46.954943719891034, 0.0 ], [ -71.208529970279002, 46.954673482818954, 0.0 ], [ -71.2079279120574, 46.954056776325281, 0.0 ], [ -71.207567309485668, 46.953687373109233, 0.0 ], [ -71.207351504778302, 46.953466329929022, 0.0 ], [ -71.206735672032877, 46.95284211837437, 0.0 ], [ -71.206716031281985, 46.952822205107964, 0.0 ], [ -71.206588573635926, 46.952693014908853, 0.0 ], [ -71.206535306224936, 46.95264065298241, 0.0 ], [ -71.205606605704006, 46.951727851743669, 0.0 ], [ -71.203902364418582, 46.950052672630932, 0.0 ], [ -71.200380424807534, 46.946343587254923, 0.0 ], [ -71.199003606479124, 46.944893421448569, 0.0 ], [ -71.196398696470624, 46.942004747360286, 0.0 ], [ -71.194436552199704, 46.939740905502589, 0.0 ], [ -71.194051774780164, 46.939307462643328, 0.0 ], [ -71.193222688064168, 46.938373506882705, 0.0 ], [ -71.19251008185698, 46.93801230363038, 0.0 ], [ -71.192379505060259, 46.93787823126064, 0.0 ], [ -71.192275922695714, 46.937771883754031, 0.0 ], [ -71.192251817221816, 46.93774711901554, 0.0 ], [ -71.191912668210705, 46.937398874893958, 0.0 ], [ -71.191838623068179, 46.937322845611895, 0.0 ], [ -71.1910344816351, 46.936497100304628, 0.0 ], [ -71.19018757561571, 46.935627444672882, 0.0 ], [ -71.189852698939816, 46.935283540742901, 0.0 ], [ -71.189067171621318, 46.934476858126047, 0.0 ], [ -71.188412703350238, 46.933804739042039, 0.0 ], [ -71.188029700108899, 46.933411396998622, 0.0 ], [ -71.187167148320853, 46.93252553850499, 0.0 ], [ -71.186817006614731, 46.932165910813112, 0.0 ], [ -71.186160745152748, 46.931491882187807, 0.0 ], [ -71.185314329750497, 46.930622501795412, 0.0 ], [ -71.18474557053149, 46.930038299088487, 0.0 ], [ -71.184331364271898, 46.929612834655899, 0.0 ], [ -71.183860253901642, 46.92912890933507, 0.0 ], [ -71.183204160043402, 46.928454961418552, 0.0 ], [ -71.183051781648132, 46.928298427812067, 0.0 ], [ -71.182697231698043, 46.92790168619829, 0.0 ], [ -71.181501675308084, 46.926567184826951, 0.0 ], [ -71.180839964517887, 46.925828555707938, 0.0 ], [ -71.18019643945351, 46.925110182087884, 0.0 ], [ -71.180152232182678, 46.925060830554379, 0.0 ], [ -71.179148154364427, 46.923939933210242, 0.0 ], [ -71.178971040551801, 46.92374220314246, 0.0 ], [ -71.177674226118214, 46.922294405195906, 0.0 ], [ -71.17715073887274, 46.921709941030343, 0.0 ], [ -71.176630672290571, 46.921129277600777, 0.0 ], [ -71.175943872663808, 46.920360315620634, 0.0 ], [ -71.175867792831042, 46.920277504673471, 0.0 ], [ -71.175338936003044, 46.919686802369583, 0.0 ], [ -71.175177324437755, 46.919506355578868, 0.0 ], [ -71.172928246344767, 46.916995065481011, 0.0 ], [ -71.171180913691231, 46.915043675430468, 0.0 ], [ -71.168981733590442, 46.912587457413231, 0.0 ], [ -71.16864475201487, 46.912211107106835, 0.0 ], [ -71.168681432406729, 46.912147820207807, 0.0 ], [ -71.168739464236353, 46.912077571430615, 0.0 ], [ -71.168787364768917, 46.91203716836938, 0.0 ], [ -71.168805559987362, 46.912021318648975, 0.0 ], [ -71.168953109325372, 46.911842223000242, 0.0 ], [ -71.1690391454825, 46.911812302516694, 0.0 ], [ -71.169077360684341, 46.911785900110367, 0.0 ], [ -71.169098778572817, 46.911774790520667, 0.0 ], [ -71.169130445457839, 46.91174437805887, 0.0 ], [ -71.169147364916128, 46.911728355814937, 0.0 ], [ -71.169206862983387, 46.911663136121128, 0.0 ], [ -71.169245729375476, 46.911600474989477, 0.0 ], [ -71.169284031623022, 46.911573703158169, 0.0 ], [ -71.169300170578907, 46.911556156092637, 0.0 ], [ -71.169367364618125, 46.911474338230988, 0.0 ], [ -71.169387653695495, 46.911460095497468, 0.0 ], [ -71.16941249978052, 46.911437549569705, 0.0 ], [ -71.169428589571027, 46.911417114978796, 0.0 ], [ -71.169460272266576, 46.911378515749099, 0.0 ], [ -71.169510602906072, 46.911333051275918, 0.0 ], [ -71.169527194153844, 46.911318101447023, 0.0 ], [ -71.169555701818027, 46.911284936497729, 0.0 ], [ -71.169582144435353, 46.911260941795817, 0.0 ], [ -71.169609305783524, 46.911215603792407, 0.0 ], [ -71.169635657463331, 46.911157963655846, 0.0 ], [ -71.169660726045507, 46.911119573984976, 0.0 ], [ -71.169673275567646, 46.911083686526666, 0.0 ], [ -71.169700109924236, 46.911038458367884, 0.0 ], [ -71.169717219650806, 46.911012449092958, 0.0 ], [ -71.169758331806833, 46.910957322491029, 0.0 ], [ -71.169781238419077, 46.910936137264287, 0.0 ], [ -71.16979673076824, 46.91091940357159, 0.0 ], [ -71.169824443514159, 46.910893062357225, 0.0 ], [ -71.169840741684297, 46.910871465971418, 0.0 ], [ -71.169854689556644, 46.910851943475365, 0.0 ], [ -71.169867955067801, 46.910821908359949, 0.0 ], [ -71.169873411267119, 46.910799385821527, 0.0 ], [ -71.169907313663487, 46.910756716168692, 0.0 ], [ -71.169923115804195, 46.910730084775949, 0.0 ], [ -71.169949356212612, 46.910689897928663, 0.0 ], [ -71.169973842114004, 46.910646923510605, 0.0 ], [ -71.169995511376328, 46.910622326907756, 0.0 ], [ -71.1700234731438, 46.91056331881952, 0.0 ], [ -71.170058695176948, 46.910540181241487, 0.0 ], [ -71.170083839840672, 46.910523741866967, 0.0 ], [ -71.170100728308128, 46.910497913752124, 0.0 ], [ -71.1701324909546, 46.910448959182922, 0.0 ], [ -71.170170574250861, 46.910411041982108, 0.0 ], [ -71.17019721750718, 46.910376871205621, 0.0 ], [ -71.170251638127752, 46.91032158554237, 0.0 ], [ -71.170284072595166, 46.910291788999729, 0.0 ], [ -71.170337257517559, 46.910249015311564, 0.0 ], [ -71.170396750337844, 46.910201517615661, 0.0 ], [ -71.170455256441187, 46.910143329130513, 0.0 ], [ -71.170506590558773, 46.910109013676632, 0.0 ], [ -71.170529161619854, 46.910087290487169, 0.0 ], [ -71.170555328117942, 46.910058079349213, 0.0 ], [ -71.170600631374356, 46.910026507047263, 0.0 ], [ -71.170624941693731, 46.910005304428978, 0.0 ], [ -71.170652183824146, 46.909984453476483, 0.0 ], [ -71.170674294326275, 46.909959494307202, 0.0 ], [ -71.170706895383532, 46.909925198543405, 0.0 ], [ -71.170733145396568, 46.909894277587753, 0.0 ], [ -71.170759944791371, 46.90986425303165, 0.0 ], [ -71.170793156877593, 46.909835801222812, 0.0 ], [ -71.170817810645033, 46.909807417545537, 0.0 ], [ -71.170881844553236, 46.909723089338726, 0.0 ], [ -71.17089510074122, 46.909700790924681, 0.0 ], [ -71.170966144928926, 46.90955443744469, 0.0 ], [ -71.170952485435933, 46.909362429631472, 0.0 ], [ -71.171156365789471, 46.908789199133579, 0.0 ], [ -71.171262117215448, 46.908491495992749, 0.0 ], [ -71.171460863541512, 46.908218256908569, 0.0 ], [ -71.171706118633139, 46.907907320189707, 0.0 ], [ -71.171880694677341, 46.907537503474501, 0.0 ], [ -71.172011316402219, 46.907229397881324, 0.0 ], [ -71.172140412382007, 46.906798304330913, 0.0 ], [ -71.172336042153105, 46.906320759060485, 0.0 ], [ -71.172351722930472, 46.905782817006326, 0.0 ], [ -71.172439772990472, 46.905377432459304, 0.0 ], [ -71.172411268216123, 46.904889778011047, 0.0 ], [ -71.172317323983506, 46.904771201362315, 0.0 ], [ -71.171855957179687, 46.904604852328362, 0.0 ], [ -71.171204163985607, 46.904447363851048, 0.0 ], [ -71.17071075684197, 46.904419479484339, 0.0 ], [ -71.170573536810281, 46.904416414952884, 0.0 ], [ -71.170284697357928, 46.904417656673047, 0.0 ], [ -71.169915922883334, 46.904382300887761, 0.0 ], [ -71.169840265062874, 46.904358183823071, 0.0 ], [ -71.169760486560975, 46.904255094700524, 0.0 ], [ -71.169765350800148, 46.904193522860609, 0.0 ], [ -71.169774368186879, 46.904117622675557, 0.0 ], [ -71.169843292890548, 46.903809880324374, 0.0 ], [ -71.169958579460797, 46.903617117643428, 0.0 ], [ -71.170046334174785, 46.903474445209199, 0.0 ], [ -71.17012352909471, 46.903370257529566, 0.0 ], [ -71.1702714647639, 46.9031043347562, 0.0 ], [ -71.170315759334628, 46.903061792997121, 0.0 ], [ -71.170309171077349, 46.902984994541342, 0.0 ], [ -71.170210807879826, 46.90272816053119, 0.0 ], [ -71.170186619317747, 46.902586152271255, 0.0 ], [ -71.170123004916775, 46.902432850588617, 0.0 ], [ -71.170024732723647, 46.902311430916207, 0.0 ], [ -71.170024693167363, 46.902311416528796, 0.0 ], [ -71.169946624640133, 46.902214985969685, 0.0 ], [ -71.169916889791253, 46.902165041822478, 0.0 ], [ -71.169900964864055, 46.902138416124387, 0.0 ], [ -71.169831778167605, 46.901981278485188, 0.0 ], [ -71.169723771932553, 46.901855144109859, 0.0 ], [ -71.169495949053356, 46.901606119796021, 0.0 ], [ -71.169442348054091, 46.90156633692515, 0.0 ], [ -71.169416980653907, 46.901547692078339, 0.0 ], [ -71.1693895997563, 46.901527565620285, 0.0 ], [ -71.169309043419489, 46.90145964706263, 0.0 ], [ -71.169228487286446, 46.901391728446448, 0.0 ], [ -71.169143550286634, 46.901241753506298, 0.0 ], [ -71.169097927575351, 46.901048789501161, 0.0 ], [ -71.169089992122935, 46.900947942824111, 0.0 ], [ -71.169082069938639, 46.900847105063491, 0.0 ], [ -71.169060682504934, 46.900732653689239, 0.0 ], [ -71.168989671845935, 46.900632184615894, 0.0 ], [ -71.16892428926036, 46.900582133641564, 0.0 ], [ -71.168858906796572, 46.900532082628835, 0.0 ], [ -71.168724425915769, 46.900401216991895, 0.0 ], [ -71.168570086858622, 46.900275595039346, 0.0 ], [ -71.168392399367875, 46.900141562752168, 0.0 ], [ -71.168295031803211, 46.900056639726337, 0.0 ], [ -71.168250918646251, 46.899981670499308, 0.0 ], [ -71.168126614161181, 46.89986783764342, 0.0 ], [ -71.167837758962818, 46.899607938804117, 0.0 ], [ -71.167645035277346, 46.899335477607721, 0.0 ], [ -71.167556663379401, 46.89917355644512, 0.0 ], [ -71.167521441801398, 46.89901644417747, 0.0 ], [ -71.167495399064208, 46.8985360696161, 0.0 ], [ -71.167518638938304, 46.898461714930903, 0.0 ], [ -71.167565573981221, 46.89831163545621, 0.0 ], [ -71.167547426289275, 46.898190327698892, 0.0 ], [ -71.167499247450095, 46.898057221017808, 0.0 ], [ -71.16744198328297, 46.897992592873166, 0.0 ], [ -71.16726549110831, 46.897950898479465, 0.0 ], [ -71.167082634318845, 46.897931470671431, 0.0 ], [ -71.166936194709066, 46.897903274967014, 0.0 ], [ -71.166786125097559, 46.897851161158044, 0.0 ], [ -71.166726624733698, 46.89781674613991, 0.0 ], [ -71.166631798033137, 46.897725545471438, 0.0 ], [ -71.166497724090249, 46.89762545101695, 0.0 ], [ -71.166360489306129, 46.897538203477104, 0.0 ], [ -71.166223255078393, 46.897450964764744, 0.0 ], [ -71.165974955326035, 46.897245522400404, 0.0 ], [ -71.165763785820573, 46.897087750683973, 0.0 ], [ -71.165559863511987, 46.896977814568132, 0.0 ], [ -71.165405845026626, 46.896886255282986, 0.0 ], [ -71.16534909819319, 46.896852534244452, 0.0 ], [ -71.165137339951968, 46.896646877659705, 0.0 ], [ -71.165089206735587, 46.896578425836765, 0.0 ], [ -71.165032704192868, 46.896512406623557, 0.0 ], [ -71.164928082082866, 46.896377935409717, 0.0 ], [ -71.164833386798534, 46.896241697156754, 0.0 ], [ -71.164763071412679, 46.896194236357545, 0.0 ], [ -71.164692730015602, 46.896146784662129, 0.0 ], [ -71.164588909281193, 46.896073860938792, 0.0 ], [ -71.164347621547549, 46.895897450233271, 0.0 ], [ -71.164215731316091, 46.895706712006685, 0.0 ], [ -71.164075803313096, 46.895576016360799, 0.0 ], [ -71.164014341121074, 46.895515225248509, 0.0 ], [ -71.163876912208423, 46.895408291997079, 0.0 ], [ -71.163706142823898, 46.895291287139948, 0.0 ], [ -71.163526169785584, 46.895184555133241, 0.0 ], [ -71.16338131722992, 46.895145945988986, 0.0 ], [ -71.163254681851043, 46.895098900572037, 0.0 ], [ -71.163164508424273, 46.895038302330811, 0.0 ], [ -71.163109727173094, 46.894963608775299, 0.0 ], [ -71.163087594611468, 46.894897137597589, 0.0 ], [ -71.163032990069567, 46.894847407626671, 0.0 ], [ -71.162978398751761, 46.894797677552774, 0.0 ], [ -71.162890481057786, 46.894745405570809, 0.0 ], [ -71.162791919662524, 46.894703747769348, 0.0 ], [ -71.162668596178307, 46.894663348762002, 0.0 ], [ -71.16256448365705, 46.894607832657925, 0.0 ], [ -71.162507489936274, 46.894528149688931, 0.0 ], [ -71.162438708573248, 46.894454643369102, 0.0 ], [ -71.16234293854373, 46.894377415769384, 0.0 ], [ -71.16218469060226, 46.894299433967291, 0.0 ], [ -71.162030959280841, 46.894238644686226, 0.0 ], [ -71.161930418250265, 46.894210887829516, 0.0 ], [ -71.161898920032229, 46.894190513477774, 0.0 ], [ -71.161822311262654, 46.894181510315548, 0.0 ], [ -71.161603123342147, 46.894134881147949, 0.0 ], [ -71.161481496198434, 46.894103116470902, 0.0 ], [ -71.161393941156405, 46.894094005343014, 0.0 ], [ -71.161299628156797, 46.894104167212255, 0.0 ], [ -71.161192408606013, 46.894059391358809, 0.0 ], [ -71.161070189280736, 46.894028529291909, 0.0 ], [ -71.160730718709488, 46.893916254490108, 0.0 ], [ -71.160635570093802, 46.89390537835969, 0.0 ], [ -71.160585561372102, 46.893915436893494, 0.0 ], [ -71.160535552631487, 46.893925495405547, 0.0 ], [ -71.160421959671311, 46.893931260664964, 0.0 ], [ -71.160307333385347, 46.893900956728707, 0.0 ], [ -71.160223516881715, 46.893863862733859, 0.0 ], [ -71.160127591808049, 46.893836752391572, 0.0 ], [ -71.159973436642872, 46.893861994121281, 0.0 ], [ -71.159897265444428, 46.893878968376278, 0.0 ], [ -71.159624752420441, 46.893950583898317, 0.0 ], [ -71.159553505347873, 46.893987069449182, 0.0 ], [ -71.159509611639905, 46.893997101277378, 0.0 ], [ -71.159465730927849, 46.894007124017598, 0.0 ], [ -71.159358537808956, 46.894012545480656, 0.0 ], [ -71.159279800381796, 46.894009697329814, 0.0 ], [ -71.159135454810624, 46.894017311720248, 0.0 ], [ -71.158870057930514, 46.89415575374138, 0.0 ], [ -71.158848922284022, 46.894191653549072, 0.0 ], [ -71.158833157130942, 46.894237436333697, 0.0 ], [ -71.158806908404244, 46.894235185392098, 0.0 ], [ -71.158721106177438, 46.894226655886634, 0.0 ], [ -71.158616636499914, 46.894264834392636, 0.0 ], [ -71.158486420513896, 46.894340747314729, 0.0 ], [ -71.158422523250408, 46.894359152361353, 0.0 ], [ -71.158339284852147, 46.894369248093525, 0.0 ], [ -71.1581253359535, 46.894495355488829, 0.0 ], [ -71.157940727815699, 46.894668425304786, 0.0 ], [ -71.15765186596748, 46.894858943793999, 0.0 ], [ -71.157422461229785, 46.895166080590243, 0.0 ], [ -71.157203104655167, 46.895341984648098, 0.0 ], [ -71.156948809591995, 46.895481276059364, 0.0 ], [ -71.156685553473565, 46.895643468823941, 0.0 ], [ -71.156456100734687, 46.895731238944357, 0.0 ], [ -71.156386282617333, 46.895762586443283, 0.0 ], [ -71.156220621918777, 46.895882367867266, 0.0 ], [ -71.156088150912964, 46.89597090372677, 0.0 ], [ -71.155769254088995, 46.896011252938877, 0.0 ], [ -71.155559894929837, 46.896046547880829, 0.0 ], [ -71.155334036557278, 46.896028903901993, 0.0 ], [ -71.154957972335794, 46.895965968098452, 0.0 ], [ -71.154496978846836, 46.895946923637247, 0.0 ], [ -71.154135228473649, 46.895928812655633, 0.0 ], [ -71.153676236807001, 46.895895170503209, 0.0 ], [ -71.153138070137871, 46.895859540272738, 0.0 ], [ -71.152699924631506, 46.895767812325104, 0.0 ], [ -71.152324978395058, 46.895624587811973, 0.0 ], [ -71.152059206983907, 46.895580490870387, 0.0 ], [ -71.15180084727983, 46.895393112553215, 0.0 ], [ -71.15142717248321, 46.895133385191542, 0.0 ], [ -71.151176436609816, 46.89495747729265, 0.0 ], [ -71.151063879856778, 46.894858276911435, 0.0 ], [ -71.151075743869782, 46.894727079839249, 0.0 ], [ -71.151064339907307, 46.894633880388369, 0.0 ], [ -71.150975976504, 46.894480897572173, 0.0 ], [ -71.150820249979546, 46.894390866719334, 0.0 ], [ -71.150601730821151, 46.894328280300329, 0.0 ], [ -71.150103756142215, 46.893964907216713, 0.0 ], [ -71.149747013755999, 46.893876681992793, 0.0 ], [ -71.149352268901012, 46.893746244820377, 0.0 ], [ -71.148830894427192, 46.893515504955104, 0.0 ], [ -71.14860301756633, 46.89337618459156, 0.0 ], [ -71.148469828573738, 46.893216256761448, 0.0 ], [ -71.148283716892848, 46.893107781277521, 0.0 ], [ -71.148155050395658, 46.89291679932775, 0.0 ], [ -71.148089035961561, 46.892742186619095, 0.0 ], [ -71.148022376372438, 46.89258806202804, 0.0 ], [ -71.147996545219016, 46.892472201335565, 0.0 ], [ -71.147996709477056, 46.892352918848047, 0.0 ], [ -71.148009963083027, 46.892286388369889, 0.0 ], [ -71.148018232336142, 46.89221026009411, 0.0 ], [ -71.148037808079621, 46.89216961208119, 0.0 ], [ -71.148090091893962, 46.892119584708787, 0.0 ], [ -71.148170865690219, 46.892027050553793, 0.0 ], [ -71.148263924857517, 46.89182471924223, 0.0 ], [ -71.14823842469913, 46.891423764842592, 0.0 ], [ -71.147999056264638, 46.890873171709494, 0.0 ], [ -71.147390511829542, 46.890265974707084, 0.0 ], [ -71.147446594998797, 46.890204626804262, 0.0 ], [ -71.147218013000241, 46.889981219424342, 0.0 ], [ -71.146942280190373, 46.889711711253305, 0.0 ], [ -71.146479903040785, 46.889267019555682, 0.0 ], [ -71.146344820737696, 46.889130526145202, 0.0 ], [ -71.145862878136924, 46.888667509013672, 0.0 ], [ -71.1453710367296, 46.88819137507776, 0.0 ], [ -71.144914285998681, 46.887754103151231, 0.0 ], [ -71.1445224104354, 46.887377548862034, 0.0 ], [ -71.144071324712584, 46.886946485041889, 0.0 ], [ -71.143881940994149, 46.886764871966442, 0.0 ], [ -71.143784176485255, 46.88667110482082, 0.0 ], [ -71.143761305154257, 46.886649174564546, 0.0 ], [ -71.142961290008216, 46.886191064020615, 0.0 ], [ -71.14231518080895, 46.885821048621445, 0.0 ], [ -71.13833457266027, 46.883541390792296, 0.0 ], [ -71.140888197544825, 46.879535137252013, 0.0 ], [ -71.141877378836597, 46.877983123439677, 0.0 ], [ -71.14308793255897, 46.876002884010738, 0.0 ], [ -71.144295037142598, 46.873740742411286, 0.0 ], [ -71.145225572301555, 46.871292195594044, 0.0 ], [ -71.14753044187033, 46.869117791383474, 0.0 ], [ -71.150565164999293, 46.867243809254049, 0.0 ], [ -71.153213973454598, 46.865853521424953, 0.0 ], [ -71.153594115650421, 46.865653990411552, 0.0 ], [ -71.159730453035252, 46.862432563361942, 0.0 ], [ -71.162256942875118, 46.861106031823681, 0.0 ], [ -71.166246103502345, 46.859011272511985, 0.0 ], [ -71.166476742336386, 46.858890152793315, 0.0 ], [ -71.168481173043858, 46.857837474928324, 0.0 ], [ -71.168491947113324, 46.857831814043166, 0.0 ], [ -71.195041562228383, 46.843881413114012, 0.0 ], [ -71.195044036644489, 46.843880113859562, 0.0 ], [ -71.1950367065444, 46.84387217298228, 0.0 ], [ -71.192242935299333, 46.840848147616931, 0.0 ], [ -71.192095424698834, 46.840688461417493, 0.0 ], [ -71.1920931743837, 46.840686021267722, 0.0 ], [ -71.192239514588763, 46.840581572518332, 0.0 ], [ -71.19538239055035, 46.838338228416205, 0.0 ], [ -71.195492887165798, 46.838259349452521, 0.0 ], [ -71.195549612513332, 46.837880768497342, 0.0 ], [ -71.195580032627774, 46.83746641812732, 0.0 ], [ -71.195580331282272, 46.837462385942132, 0.0 ], [ -71.194208274280044, 46.837516075373607, 0.0 ], [ -71.193809613819695, 46.837356036256402, 0.0 ], [ -71.193612640667524, 46.837268606882837, 0.0 ], [ -71.193317119925567, 46.837077078969898, 0.0 ], [ -71.193058663368362, 46.836863185823233, 0.0 ], [ -71.192651485900839, 46.836437585601793, 0.0 ], [ -71.19243384230208, 46.836330622218867, 0.0 ], [ -71.192299672755524, 46.836121682458135, 0.0 ], [ -71.192299348302555, 46.836121172752364, 0.0 ], [ -71.19231755934328, 46.835889109349182, 0.0 ], [ -71.192317846123814, 46.83588541010888, 0.0 ], [ -71.192177897620525, 46.835752074606305, 0.0 ], [ -71.192176407845594, 46.835750654317998, 0.0 ], [ -71.192293979038539, 46.835538771603709, 0.0 ], [ -71.19229384422249, 46.835315959447996, 0.0 ], [ -71.192293818797012, 46.835311938226546, 0.0 ], [ -71.192368082624427, 46.835068974010397, 0.0 ], [ -71.192670159176956, 46.834969940627907, 0.0 ], [ -71.19269745473828, 46.834956838668504, 0.0 ], [ -71.193052501806903, 46.834785964831376, 0.0 ], [ -71.19305275916156, 46.834785844071241, 0.0 ], [ -71.192987517754233, 46.833940346710939, 0.0 ], [ -71.192987229597662, 46.833936668941305, 0.0 ], [ -71.193094376866924, 46.833773077970456, 0.0 ], [ -71.193221103332249, 46.833549978792483, 0.0 ], [ -71.193225658702971, 46.83340267615884, 0.0 ], [ -71.193225711857735, 46.833398654460304, 0.0 ], [ -71.19334865622443, 46.833151697171338, 0.0 ], [ -71.193485400300744, 46.832957518794771, 0.0 ], [ -71.193582245866992, 46.832798406969466, 0.0 ], [ -71.193572995904873, 46.832330336929523, 0.0 ], [ -71.193572921234406, 46.832326316004647, 0.0 ], [ -71.19325351812931, 46.832057334305134, 0.0 ], [ -71.193083831984779, 46.832131203287148, 0.0 ], [ -71.192990250774088, 46.832171940950111, 0.0 ], [ -71.192976546890179, 46.832157115808947, 0.0 ], [ -71.192975348818507, 46.832155819713329, 0.0 ], [ -71.195861686522164, 46.825300136245581, 0.0 ], [ -71.19676373496101, 46.823394414606696, 0.0 ], [ -71.196765431840205, 46.823390832712299, 0.0 ], [ -71.196548965983837, 46.823337083389013, 0.0 ], [ -71.196547164616319, 46.823336635535931, 0.0 ], [ -71.197972099714406, 46.820410219864577, 0.0 ], [ -71.198549192479533, 46.819224933421779, 0.0 ], [ -71.198828334273571, 46.818442738474531, 0.0 ], [ -71.199444999195208, 46.816699222083955, 0.0 ], [ -71.199683341746052, 46.816477344629689, 0.0 ], [ -71.200014491423659, 46.81392691929851, 0.0 ], [ -71.200191459873579, 46.813517787107124, 0.0 ], [ -71.200508421477238, 46.813594530125663, 0.0 ], [ -71.200594904983205, 46.813615457192448, 0.0 ], [ -71.20066631078214, 46.813396650464753, 0.0 ], [ -71.200767739408178, 46.813107397978591, 0.0 ], [ -71.200769142065568, 46.813103403985053, 0.0 ], [ -71.200671308950064, 46.813101465960351, 0.0 ], [ -71.20067031277793, 46.813101445069542, 0.0 ], [ -71.200853422380249, 46.812330438921514, 0.0 ], [ -71.200948887965339, 46.812335836911167, 0.0 ], [ -71.201403266280394, 46.811392848220642, 0.0 ], [ -71.201538577425126, 46.811112005854518, 0.0 ], [ -71.201914551936781, 46.811162095778357, 0.0 ], [ -71.201934381243987, 46.811112026134396, 0.0 ], [ -71.201935865305245, 46.811108256535938, 0.0 ], [ -71.201862830556806, 46.811096478315648, 0.0 ], [ -71.201861281076759, 46.811096226921762, 0.0 ], [ -71.201900785292381, 46.810997312105115, 0.0 ], [ -71.201902269821076, 46.810993578489764, 0.0 ], [ -71.201749209953633, 46.810964478052661, 0.0 ], [ -71.201747791267834, 46.810964207862497, 0.0 ], [ -71.202431015714268, 46.809103158653272, 0.0 ], [ -71.202604107072887, 46.808620248626752, 0.0 ], [ -71.202680896768385, 46.808385348803078, 0.0 ], [ -71.202681198675293, 46.808384384333841, 0.0 ], [ -71.202675471358191, 46.808336990431748, 0.0 ], [ -71.202675117904363, 46.808333996797764, 0.0 ], [ -71.202863817064781, 46.807701758050435, 0.0 ], [ -71.202962390153388, 46.807564119354268, 0.0 ], [ -71.203047320167727, 46.80743933927733, 0.0 ], [ -71.203590396267742, 46.8066174096585, 0.0 ], [ -71.203726559648956, 46.806660870849932, 0.0 ], [ -71.203845022799484, 46.806463327914038, 0.0 ], [ -71.203847035817589, 46.806459950876778, 0.0 ], [ -71.20372360901554, 46.806421566459754, 0.0 ], [ -71.203721398731417, 46.806420869333387, 0.0 ], [ -71.203901218804432, 46.806143933570659, 0.0 ], [ -71.204014124882036, 46.806181383910889, 0.0 ], [ -71.204280357323697, 46.805737230441309, 0.0 ], [ -71.204333612296864, 46.805757900352496, 0.0 ], [ -71.204886852563774, 46.805148145159016, 0.0 ], [ -71.204942288226832, 46.805087041951516, 0.0 ], [ -71.205017098370575, 46.804947469604556, 0.0 ], [ -71.205088998983342, 46.804834931360993, 0.0 ], [ -71.20522874013912, 46.804748388543651, 0.0 ], [ -71.205232353261536, 46.804746153162441, 0.0 ], [ -71.205101693330576, 46.804682408917365, 0.0 ], [ -71.205098924283845, 46.804681058521531, 0.0 ], [ -71.205356195602306, 46.804427627645644, 0.0 ], [ -71.206149679823028, 46.803666442071737, 0.0 ], [ -71.207206546370216, 46.80284821478557, 0.0 ], [ -71.207466628065617, 46.802628687197661, 0.0 ], [ -71.207902556749488, 46.802356423061916, 0.0 ], [ -71.208333568938144, 46.80208721947082, 0.0 ], [ -71.208843079316296, 46.801778114783907, 0.0 ], [ -71.208893954432995, 46.801744440959538, 0.0 ], [ -71.208942760356521, 46.801723797748345, 0.0 ], [ -71.20943025808279, 46.801529621090317, 0.0 ], [ -71.209769186340495, 46.80138429672327, 0.0 ], [ -71.209984657358191, 46.801220745824153, 0.0 ], [ -71.210163474664441, 46.801084402219431, 0.0 ], [ -71.210435211516952, 46.800811329753415, 0.0 ], [ -71.210437008720575, 46.800809519313376, 0.0 ], [ -71.210421584133016, 46.80079124436643, 0.0 ], [ -71.210419960723428, 46.800789338205611, 0.0 ], [ -71.210730261973382, 46.800367890561681, 0.0 ], [ -71.210868624966423, 46.800163352264057, 0.0 ], [ -71.211571461795657, 46.799364753506602, 0.0 ], [ -71.211573888338421, 46.79936199451096, 0.0 ], [ -71.211558668161018, 46.799354253253632, 0.0 ], [ -71.211555792772742, 46.799352777724103, 0.0 ], [ -71.211626596826434, 46.799288822753667, 0.0 ], [ -71.211892753286122, 46.799411336182075, 0.0 ], [ -71.2121342112398, 46.799190924063723, 0.0 ], [ -71.21292794164367, 46.798466331586418, 0.0 ], [ -71.214321255723178, 46.798268907939551, 0.0 ], [ -71.217874069728694, 46.796516368685431, 0.0 ], [ -71.22448193672642, 46.793256248227856, 0.0 ], [ -71.226545752088711, 46.792290199865313, 0.0 ], [ -71.226546806593333, 46.792289716359953, 0.0 ], [ -71.226256530377356, 46.79135755091103, 0.0 ], [ -71.225516696293823, 46.789198957290054, 0.0 ], [ -71.226296702401783, 46.788869670249973, 0.0 ], [ -71.228016360437223, 46.788561591714924, 0.0 ], [ -71.230621041085314, 46.788094910292216, 0.0 ], [ -71.230859089239075, 46.788029632573412, 0.0 ], [ -71.232210154301384, 46.787659186730096, 0.0 ], [ -71.232268495045247, 46.787673909495815, 0.0 ], [ -71.232444615055698, 46.787500635529881, 0.0 ], [ -71.233029728795387, 46.787760980011363, 0.0 ], [ -71.233145577813929, 46.787681797948231, 0.0 ], [ -71.233411492112126, 46.787439979098785, 0.0 ], [ -71.233554011502989, 46.787271479930844, 0.0 ], [ -71.233636651103438, 46.787144694110097, 0.0 ], [ -71.233736184026156, 46.787075575093304, 0.0 ], [ -71.233934341718708, 46.786738566156636, 0.0 ], [ -71.234069999874762, 46.786359467533352, 0.0 ], [ -71.234017933065502, 46.786287847903964, 0.0 ], [ -71.234363835501938, 46.785551977636281, 0.0 ], [ -71.234097581244271, 46.785154108555858, 0.0 ], [ -71.234050249975795, 46.785011656503244, 0.0 ], [ -71.233910192464279, 46.784849044283874, 0.0 ], [ -71.23370913965023, 46.784448111164068, 0.0 ], [ -71.233619026410139, 46.78433199589599, 0.0 ], [ -71.233551405440991, 46.784221026303612, 0.0 ], [ -71.233534659860595, 46.784202142129374, 0.0 ], [ -71.233453977987168, 46.784111156336174, 0.0 ], [ -71.233258467609659, 46.783933721654613, 0.0 ], [ -71.233271197298507, 46.783905715113768, 0.0 ], [ -71.233550084115066, 46.783525015414327, 0.0 ], [ -71.233861288048743, 46.783152870328429, 0.0 ], [ -71.233758854832558, 46.782910640919063, 0.0 ], [ -71.233839250199637, 46.782855346049281, 0.0 ], [ -71.234197267329534, 46.782699867258181, 0.0 ], [ -71.234343958288036, 46.782565706643432, 0.0 ], [ -71.233730139019585, 46.782414589728205, 0.0 ], [ -71.233827107389189, 46.782228704059953, 0.0 ], [ -71.234473013790108, 46.782387711346203, 0.0 ], [ -71.234717662438399, 46.782220642270772, 0.0 ], [ -71.235468267783759, 46.781801903260295, 0.0 ], [ -71.234838579771619, 46.781607360412352, 0.0 ], [ -71.234890950467943, 46.781527369533094, 0.0 ], [ -71.235554608554551, 46.78173240854678, 0.0 ], [ -71.236160506335608, 46.781374646245077, 0.0 ], [ -71.235653367139321, 46.78121796828578, 0.0 ], [ -71.235707404054182, 46.781135429315697, 0.0 ], [ -71.236268319639365, 46.781308719403711, 0.0 ], [ -71.237063945629231, 46.780845435632862, 0.0 ], [ -71.237253607438433, 46.780580914731246, 0.0 ], [ -71.237362260197685, 46.780522970293021, 0.0 ], [ -71.237764772551188, 46.780464859097044, 0.0 ], [ -71.237859910882349, 46.780422358254228, 0.0 ], [ -71.238973436202187, 46.779361544573916, 0.0 ], [ -71.239304821330805, 46.779150812456713, 0.0 ], [ -71.239355193949763, 46.779072838611469, 0.0 ], [ -71.239357444757317, 46.778938785837113, 0.0 ], [ -71.239301201400238, 46.778854780389118, 0.0 ], [ -71.239026293632975, 46.778696580906832, 0.0 ], [ -71.238983072046793, 46.778645409253841, 0.0 ], [ -71.23899037300805, 46.778560714428139, 0.0 ], [ -71.239148826245568, 46.778368129550806, 0.0 ], [ -71.239452127385235, 46.778176488903334, 0.0 ], [ -71.239499772981659, 46.778118450762335, 0.0 ], [ -71.239565321482772, 46.777896021550269, 0.0 ], [ -71.239602277935774, 46.777845420539535, 0.0 ], [ -71.2399498182249, 46.777578813026686, 0.0 ], [ -71.239989180375417, 46.777496429830542, 0.0 ], [ -71.239928611777856, 46.777065099270608, 0.0 ], [ -71.239939360350618, 46.777014244751051, 0.0 ], [ -71.240266219579027, 46.77645929838458, 0.0 ], [ -71.240261914698877, 46.776371637709993, 0.0 ], [ -71.240013800461142, 46.776020670948256, 0.0 ], [ -71.239998879623315, 46.775984889533028, 0.0 ], [ -71.239930214560303, 46.775539765656582, 0.0 ], [ -71.239835888916787, 46.775402792552185, 0.0 ], [ -71.239591573273714, 46.775326822179544, 0.0 ], [ -71.23948731425142, 46.775328863367278, 0.0 ], [ -71.239412777954456, 46.77530680882245, 0.0 ], [ -71.239379582517628, 46.775256094307295, 0.0 ], [ -71.23938106201139, 46.775168063342427, 0.0 ], [ -71.239381674939565, 46.775131524740715, 0.0 ], [ -71.239426265484283, 46.775020769060447, 0.0 ], [ -71.239852693677335, 46.774518718281008, 0.0 ], [ -71.239895669609382, 46.774427855032009, 0.0 ], [ -71.239957332967634, 46.774006349776919, 0.0 ], [ -71.240013639891799, 46.773900295213082, 0.0 ], [ -71.240174733543981, 46.773816611895313, 0.0 ], [ -71.240466913625681, 46.773746213723101, 0.0 ], [ -71.240983777089525, 46.773527654884461, 0.0 ], [ -71.241417209851122, 46.773246883872879, 0.0 ], [ -71.241830925952598, 46.772903740545637, 0.0 ], [ -71.241853972156818, 46.77288469857249, 0.0 ], [ -71.241793697215186, 46.772787261680804, 0.0 ], [ -71.24171284205417, 46.772676733330812, 0.0 ], [ -71.241605800738711, 46.772549164369963, 0.0 ], [ -71.241542182831026, 46.772485719669739, 0.0 ], [ -71.241529310742024, 46.772433209718052, 0.0 ], [ -71.241582375348472, 46.772350755103702, 0.0 ], [ -71.241667817617625, 46.772282332049436, 0.0 ], [ -71.241844268385947, 46.772212374400191, 0.0 ], [ -71.241940529522893, 46.772196663294871, 0.0 ], [ -71.241989764924142, 46.772202515666052, 0.0 ], [ -71.242058408776828, 46.772229563803627, 0.0 ], [ -71.242112780414573, 46.772289991385854, 0.0 ], [ -71.242135499846682, 46.772335834008025, 0.0 ], [ -71.242138542035292, 46.77247912803066, 0.0 ], [ -71.242182738486676, 46.772612843819573, 0.0 ], [ -71.242285887481017, 46.772527545052775, 0.0 ], [ -71.24238355782083, 46.772471421294078, 0.0 ], [ -71.243318564347831, 46.771964824580998, 0.0 ], [ -71.243475723696662, 46.771912883686788, 0.0 ], [ -71.243485721213574, 46.771882932464599, 0.0 ], [ -71.24345615855573, 46.771738560239434, 0.0 ], [ -71.243374532096695, 46.771339917087026, 0.0 ], [ -71.243493083090144, 46.771328459157751, 0.0 ], [ -71.243565782309787, 46.771683482367102, 0.0 ], [ -71.24360406311277, 46.77187046817604, 0.0 ], [ -71.243733823123037, 46.771827584468852, 0.0 ], [ -71.245008118798538, 46.771406403042945, 0.0 ], [ -71.245298464833709, 46.771322149864694, 0.0 ], [ -71.245181356462496, 46.771176162026478, 0.0 ], [ -71.244935964231246, 46.770870278208598, 0.0 ], [ -71.245333405019281, 46.770797715915911, 0.0 ], [ -71.245556416772104, 46.771075711685576, 0.0 ], [ -71.24566530549528, 46.771211442743471, 0.0 ], [ -71.246512615514675, 46.77095253322873, 0.0 ], [ -71.246781308442692, 46.770848067500332, 0.0 ], [ -71.246714985242562, 46.770765390857122, 0.0 ], [ -71.246316344749758, 46.77026848907385, 0.0 ], [ -71.246693754377631, 46.770170943516227, 0.0 ], [ -71.247103757303961, 46.770677854864793, 0.0 ], [ -71.247144107998736, 46.770727746772693, 0.0 ], [ -71.247607685750125, 46.770581729407951, 0.0 ], [ -71.247938852679894, 46.770426787445764, 0.0 ], [ -71.248115420822913, 46.770358762564619, 0.0 ], [ -71.248210232538383, 46.770329524955955, 0.0 ], [ -71.248107720986212, 46.770201734480011, 0.0 ], [ -71.247686022762053, 46.769676109458345, 0.0 ], [ -71.247879474172478, 46.769633254717945, 0.0 ], [ -71.248305304452543, 46.770164042978521, 0.0 ], [ -71.248391863545365, 46.770273521820002, 0.0 ], [ -71.24868878773222, 46.770181956842833, 0.0 ], [ -71.248654620255579, 46.770097397599315, 0.0 ], [ -71.249283819839604, 46.769896517918312, 0.0 ], [ -71.249513118997115, 46.769786527927074, 0.0 ], [ -71.250279886745346, 46.769411397628176, 0.0 ], [ -71.250601857728199, 46.76925720093346, 0.0 ], [ -71.250831284018815, 46.769147324405026, 0.0 ], [ -71.251086267617112, 46.76902521540984, 0.0 ], [ -71.251472549124415, 46.768764723635314, 0.0 ], [ -71.25193048768314, 46.768367013307554, 0.0 ], [ -71.256747576659819, 46.766101993699813, 0.0 ], [ -71.25684230585864, 46.76605744644052, 0.0 ], [ -71.257037213760682, 46.765965796621856, 0.0 ], [ -71.26029073294869, 46.763965073819996, 0.0 ], [ -71.263718833206639, 46.761207207740483, 0.0 ], [ -71.264487206585699, 46.760487252298532, 0.0 ], [ -71.264642365912422, 46.760398589870533, 0.0 ], [ -71.266497752472233, 46.758877304201711, 0.0 ], [ -71.267165648491499, 46.758329647483265, 0.0 ], [ -71.268075483721262, 46.757528659303219, 0.0 ], [ -71.267865081133536, 46.757340740018684, 0.0 ], [ -71.268090868249175, 46.757222126412167, 0.0 ], [ -71.268282954391537, 46.757394163488925, 0.0 ], [ -71.268701636280738, 46.757118713099693, 0.0 ], [ -71.268876969825783, 46.756980734502214, 0.0 ], [ -71.269010152356998, 46.75687593007968, 0.0 ], [ -71.268863534776116, 46.75677612748499, 0.0 ], [ -71.269066765254237, 46.756645725132948, 0.0 ], [ -71.269206422997797, 46.756747661437984, 0.0 ], [ -71.269288008308891, 46.756708572035379, 0.0 ], [ -71.269398765617709, 46.756644222207044, 0.0 ], [ -71.269445319491496, 46.75661605604968, 0.0 ], [ -71.269537267781033, 46.756561044962879, 0.0 ], [ -71.269567580347413, 46.756543261967842, 0.0 ], [ -71.269611959042692, 46.756512195504477, 0.0 ], [ -71.269654077568134, 46.756479605823472, 0.0 ], [ -71.269682828063623, 46.756453250644995, 0.0 ], [ -71.26970237332911, 46.756429458399317, 0.0 ], [ -71.269715871034947, 46.756413029975192, 0.0 ], [ -71.269746706339532, 46.756375891950576, 0.0 ], [ -71.269801872703866, 46.75631552323091, 0.0 ], [ -71.269837175490423, 46.756276816728253, 0.0 ], [ -71.269885767186068, 46.756227252006255, 0.0 ], [ -71.269912336267879, 46.756203997242942, 0.0 ], [ -71.269938914148639, 46.756182280815217, 0.0 ], [ -71.269963354411772, 46.756166723371472, 0.0 ], [ -71.270012568617375, 46.75613790032984, 0.0 ], [ -71.26988453223089, 46.756034852218576, 0.0 ], [ -71.27010162017443, 46.755906307020837, 0.0 ], [ -71.270233730506163, 46.756009552384135, 0.0 ], [ -71.270373142747985, 46.755927978364703, 0.0 ], [ -71.271559657075855, 46.755243924964383, 0.0 ], [ -71.27134670781453, 46.755094246305255, 0.0 ], [ -71.271561404180702, 46.754949970557099, 0.0 ], [ -71.271790445448545, 46.755110965848502, 0.0 ], [ -71.271905449504089, 46.755044695665546, 0.0 ], [ -71.273153121773987, 46.7545941670692, 0.0 ], [ -71.27428687971468, 46.754150009437126, 0.0 ], [ -71.276541301430072, 46.753400106399226, 0.0 ], [ -71.277737757744632, 46.752855906672011, 0.0 ], [ -71.278233979275711, 46.752573398647904, 0.0 ], [ -71.278913975728514, 46.752259607408099, 0.0 ], [ -71.27917973851828, 46.752144226311373, 0.0 ], [ -71.28031702543592, 46.751650458872589, 0.0 ], [ -71.281286570026566, 46.751271730183127, 0.0 ], [ -71.281974152702944, 46.750987971180784, 0.0 ], [ -71.282709196745756, 46.750669534750223, 0.0 ], [ -71.283055227663652, 46.750519624757885, 0.0 ], [ -71.283660568586043, 46.750258468739446, 0.0 ], [ -71.283874259249473, 46.750427560994105, 0.0 ], [ -71.283983430928473, 46.750382307404436, 0.0 ], [ -71.284098180431414, 46.750325472971646, 0.0 ], [ -71.28424113200073, 46.750263856936392, 0.0 ], [ -71.284383046325118, 46.750211964060668, 0.0 ], [ -71.284449182876187, 46.750196576516615, 0.0 ], [ -71.284537786999451, 46.750169069549699, 0.0 ], [ -71.284669037999763, 46.750131014080246, 0.0 ], [ -71.284797909875948, 46.75008235889522, 0.0 ], [ -71.284932647329398, 46.750032043960289, 0.0 ], [ -71.28508950347738, 46.749981667088264, 0.0 ], [ -71.285247494077197, 46.749928313368031, 0.0 ], [ -71.285391162780115, 46.749880185733169, 0.0 ], [ -71.285530186620036, 46.749827681511682, 0.0 ], [ -71.285774797721643, 46.749745573360684, 0.0 ], [ -71.285942364097906, 46.749702768806955, 0.0 ], [ -71.286097948764706, 46.749664094743359, 0.0 ], [ -71.286241612073226, 46.749615696179113, 0.0 ], [ -71.286392497976948, 46.74956805748716, 0.0 ], [ -71.286559813341185, 46.749517966578878, 0.0 ], [ -71.286717871819448, 46.749478464981074, 0.0 ], [ -71.286855537559418, 46.7494407227572, 0.0 ], [ -71.287010966222482, 46.749382436129515, 0.0 ], [ -71.287151106197129, 46.749334870336661, 0.0 ], [ -71.287208164864637, 46.749316394857509, 0.0 ], [ -71.287224846948178, 46.749302515438984, 0.0 ], [ -71.287326689683397, 46.749267538096063, 0.0 ], [ -71.287747106564652, 46.749159835484562, 0.0 ], [ -71.288004632586777, 46.74909409726375, 0.0 ], [ -71.288211222180436, 46.74904392241276, 0.0 ], [ -71.288352092110529, 46.749010645573058, 0.0 ], [ -71.288678555121422, 46.748932465543824, 0.0 ], [ -71.289106602299796, 46.748833180053389, 0.0 ], [ -71.289141310150768, 46.748819553907133, 0.0 ], [ -71.289185113579677, 46.748807664327131, 0.0 ], [ -71.289234193832755, 46.748798617221297, 0.0 ], [ -71.289294226227355, 46.748786687643616, 0.0 ], [ -71.28935166639917, 46.748776503245161, 0.0 ], [ -71.289410919636254, 46.748761412208516, 0.0 ], [ -71.289441218173465, 46.74874968766202, 0.0 ], [ -71.289474882874657, 46.748739028462829, 0.0 ], [ -71.289519520177961, 46.748741230535529, 0.0 ], [ -71.289579661741399, 46.748736785152403, 0.0 ], [ -71.28962742284952, 46.748730625863189, 0.0 ], [ -71.289678681448919, 46.748721977375034, 0.0 ], [ -71.289725070549707, 46.748712390845249, 0.0 ], [ -71.289789275399329, 46.748700288269035, 0.0 ], [ -71.289877074905192, 46.748676291349241, 0.0 ], [ -71.289976750347066, 46.748649045608168, 0.0 ], [ -71.290014509705273, 46.748634678410127, 0.0 ], [ -71.290039903181679, 46.748600784175537, 0.0 ], [ -71.29007908081897, 46.748541064744146, 0.0 ], [ -71.290104329993412, 46.748491031748209, 0.0 ], [ -71.29011088353424, 46.748444204637018, 0.0 ], [ -71.290107761974724, 46.748366730233045, 0.0 ], [ -71.290100542215555, 46.748347365607145, 0.0 ], [ -71.290079176414594, 46.748318310442123, 0.0 ], [ -71.290085989697658, 46.748297319521349, 0.0 ], [ -71.290078646499978, 46.748265027757718, 0.0 ], [ -71.290047481875988, 46.748192371166411, 0.0 ], [ -71.289983248032641, 46.748092260587327, 0.0 ], [ -71.289977961355376, 46.748034098641661, 0.0 ], [ -71.29000360582468, 46.748022774929453, 0.0 ], [ -71.290054986724158, 46.748008214717878, 0.0 ], [ -71.290153138964357, 46.747988779311719, 0.0 ], [ -71.290228002639367, 46.747980669313641, 0.0 ], [ -71.290267995322651, 46.748000041524257, 0.0 ], [ -71.290324849508437, 46.748066241075868, 0.0 ], [ -71.29042922685187, 46.748206729433178, 0.0 ], [ -71.290524038322999, 46.748329389710669, 0.0 ], [ -71.29059251741667, 46.748393925434321, 0.0 ], [ -71.29062795603248, 46.748429423740731, 0.0 ], [ -71.290658564516406, 46.748448770682835, 0.0 ], [ -71.290693800998781, 46.748463281502168, 0.0 ], [ -71.290750051686146, 46.748472932932366, 0.0 ], [ -71.290855380310433, 46.748476100554754, 0.0 ], [ -71.291019506009434, 46.748451836147233, 0.0 ], [ -71.291091562286496, 46.748431617692241, 0.0 ], [ -71.291169143161184, 46.748409705638515, 0.0 ], [ -71.291217457018746, 46.748384109396589, 0.0 ], [ -71.291230815140125, 46.74835961849513, 0.0 ], [ -71.291201666407233, 46.748336285154551, 0.0 ], [ -71.291185560256707, 46.74830803950281, 0.0 ], [ -71.291207869968389, 46.748272762870933, 0.0 ], [ -71.291230427133115, 46.748254397967258, 0.0 ], [ -71.291257671351019, 46.748234345292573, 0.0 ], [ -71.291279239885171, 46.748212820442475, 0.0 ], [ -71.291312918296754, 46.748188836770836, 0.0 ], [ -71.291336613346076, 46.74816952834022, 0.0 ], [ -71.291374482254042, 46.748152856826842, 0.0 ], [ -71.291414807547852, 46.748133217456825, 0.0 ], [ -71.291448629558175, 46.748118157292488, 0.0 ], [ -71.291481853483361, 46.748106052110913, 0.0 ], [ -71.291511010087973, 46.748095054633445, 0.0 ], [ -71.29153560052896, 46.74807969843382, 0.0 ], [ -71.291567652748014, 46.748066233861763, 0.0 ], [ -71.291604638258875, 46.748053598820199, 0.0 ], [ -71.291641370779359, 46.7480451398988, 0.0 ], [ -71.291681424023082, 46.748034642773533, 0.0 ], [ -71.291726113333581, 46.748026128778498, 0.0 ], [ -71.291770586916982, 46.748017184425976, 0.0 ], [ -71.291813689966858, 46.748007601790292, 0.0 ], [ -71.291851802426876, 46.74800042875092, 0.0 ], [ -71.291887539567995, 46.747995503271142, 0.0 ], [ -71.29192490333493, 46.747987255806699, 0.0 ], [ -71.291974789314338, 46.747974324450105, 0.0 ], [ -71.292007008297205, 46.747966895260802, 0.0 ], [ -71.292044021044745, 46.7479561311631, 0.0 ], [ -71.292083729414088, 46.747948011363206, 0.0 ], [ -71.292116179591758, 46.747942964618865, 0.0 ], [ -71.292152277895568, 46.747933214425267, 0.0 ], [ -71.292194031996132, 46.747925368314391, 0.0 ], [ -71.29223368524265, 46.747916169262361, 0.0 ], [ -71.292271053118583, 46.747908209544669, 0.0 ], [ -71.292337158118542, 46.747892799656753, 0.0 ], [ -71.292397560245021, 46.747881207755242, 0.0 ], [ -71.292428069132143, 46.747869624902854, 0.0 ], [ -71.29246177369032, 46.747861762462037, 0.0 ], [ -71.292499967580042, 46.747853014252691, 0.0 ], [ -71.292526613934712, 46.747849366058304, 0.0 ], [ -71.292578349397203, 46.747835836856048, 0.0 ], [ -71.292632524203484, 46.747831575136274, 0.0 ], [ -71.29270272757033, 46.747835047320933, 0.0 ], [ -71.292730037834119, 46.747840975767041, 0.0 ], [ -71.292761652187423, 46.747847666083004, 0.0 ], [ -71.29278658297828, 46.747855554246463, 0.0 ], [ -71.292817816784719, 46.747857712940487, 0.0 ], [ -71.292851023961816, 46.747858778372169, 0.0 ], [ -71.292884832705397, 46.747865165562125, 0.0 ], [ -71.292917138579867, 46.747876169370258, 0.0 ], [ -71.2929483669148, 46.747885093444644, 0.0 ], [ -71.292979186613962, 46.747895603728495, 0.0 ], [ -71.293007938184033, 46.747906992000907, 0.0 ], [ -71.293042744535342, 46.747916251115321, 0.0 ], [ -71.293083531992522, 46.747920142832022, 0.0 ], [ -71.293120738723104, 46.747922619909083, 0.0 ], [ -71.293152863105377, 46.747921245706074, 0.0 ], [ -71.29318653573651, 46.74791834934846, 0.0 ], [ -71.293225812256196, 46.747912031447974, 0.0 ], [ -71.293254678178243, 46.747903554564161, 0.0 ], [ -71.293280490831137, 46.747892147982228, 0.0 ], [ -71.293309291522775, 46.747885470839464, 0.0 ], [ -71.293354434810183, 46.747893650589816, 0.0 ], [ -71.293375495764096, 46.747923229057861, 0.0 ], [ -71.293392521317628, 46.747948949005966, 0.0 ], [ -71.29340503101939, 46.747967503050141, 0.0 ], [ -71.293421784264751, 46.747988042890022, 0.0 ], [ -71.293441215876982, 46.748006476965855, 0.0 ], [ -71.293463527211557, 46.748021364438031, 0.0 ], [ -71.293488178950241, 46.748031629462893, 0.0 ], [ -71.293520899600253, 46.748042342335985, 0.0 ], [ -71.293554554711775, 46.748053408580191, 0.0 ], [ -71.293574974737894, 46.748066950672339, 0.0 ], [ -71.293601122747759, 46.748079283491194, 0.0 ], [ -71.293630594855401, 46.748082677706385, 0.0 ], [ -71.293661605701374, 46.748083902079024, 0.0 ], [ -71.293699807887478, 46.748082854427246, 0.0 ], [ -71.293740115460679, 46.748082574856163, 0.0 ], [ -71.293796243566021, 46.748075842989259, 0.0 ], [ -71.293827652059875, 46.748075625116442, 0.0 ], [ -71.293856508779555, 46.748072761969119, 0.0 ], [ -71.293907557252027, 46.748070392608462, 0.0 ], [ -71.293940275323479, 46.74807290055945, 0.0 ], [ -71.293987028128015, 46.748070345049712, 0.0 ], [ -71.294037427037765, 46.748064741393186, 0.0 ], [ -71.294096101717827, 46.748060303813055, 0.0 ], [ -71.294141644017373, 46.748059987775406, 0.0 ], [ -71.294186554975397, 46.748059460184834, 0.0 ], [ -71.294220598843964, 46.748053322201827, 0.0 ], [ -71.294270790035739, 46.748048727493575, 0.0 ], [ -71.294325465126803, 46.748042878113772, 0.0 ], [ -71.294373034697927, 46.748038013669479, 0.0 ], [ -71.294428148635859, 46.748033528664308, 0.0 ], [ -71.294472640788143, 46.748033003868834, 0.0 ], [ -71.294529630757182, 46.748035055252082, 0.0 ], [ -71.294575653016437, 46.748038901094993, 0.0 ], [ -71.294626566592925, 46.74804071572887, 0.0 ], [ -71.294682458856329, 46.74803931999719, 0.0 ], [ -71.294748289725803, 46.748037351410936, 0.0 ], [ -71.294796838923062, 46.748034135345463, 0.0 ], [ -71.294847463243329, 46.748031408650753, 0.0 ], [ -71.294909612847718, 46.748028313987227, 0.0 ], [ -71.29496080440137, 46.748027670493286, 0.0 ], [ -71.29500746656332, 46.748025187168309, 0.0 ], [ -71.295049692384197, 46.748020071678162, 0.0 ], [ -71.295105263120277, 46.748018174169005, 0.0 ], [ -71.295161674585785, 46.748016486707328, 0.0 ], [ -71.295208277544162, 46.74801709851247, 0.0 ], [ -71.295260014783906, 46.748017962506964, 0.0 ], [ -71.29529611756405, 46.748016560054715, 0.0 ], [ -71.295350984004486, 46.748016610567774, 0.0 ], [ -71.295393275420622, 46.74801595676562, 0.0 ], [ -71.295443194617704, 46.748007117079091, 0.0 ], [ -71.295458044329635, 46.748007196037094, 0.0 ], [ -71.295507802958539, 46.748007459661075, 0.0 ], [ -71.295568604169034, 46.748012353920522, 0.0 ], [ -71.295618388210613, 46.748015678383481, 0.0 ], [ -71.295648069925406, 46.748019079618352, 0.0 ], [ -71.295694274382413, 46.748028186705049, 0.0 ], [ -71.295759811862226, 46.748032076307105, 0.0 ], [ -71.295833518684759, 46.748034343665566, 0.0 ], [ -71.295900721324159, 46.748041100491037, 0.0 ], [ -71.295966617802392, 46.748042702363385, 0.0 ], [ -71.296050561027343, 46.74804773228324, 0.0 ], [ -71.296134077010521, 46.748052189336995, 0.0 ], [ -71.296196258564564, 46.748058378154305, 0.0 ], [ -71.296273661997958, 46.748060142694513, 0.0 ], [ -71.296324439017553, 46.748059789363367, 0.0 ], [ -71.296378248189029, 46.748066252258781, 0.0 ], [ -71.296440762701664, 46.748066608885331, 0.0 ], [ -71.296514467906761, 46.748066095893741, 0.0 ], [ -71.296585388757222, 46.748068481120903, 0.0 ], [ -71.296626447180671, 46.748069418832223, 0.0 ], [ -71.296666113459011, 46.748069142694646, 0.0 ], [ -71.29672948392296, 46.74806985306514, 0.0 ], [ -71.296785754158321, 46.748079897239826, 0.0 ], [ -71.296840438081674, 46.748088872851049, 0.0 ], [ -71.296896444481561, 46.748101437832254, 0.0 ], [ -71.296950866904893, 46.748114868485935, 0.0 ], [ -71.297006374792218, 46.748122911638724, 0.0 ], [ -71.297089967346736, 46.748132549453402, 0.0 ], [ -71.297161883954928, 46.748145651231631, 0.0 ], [ -71.297235308418124, 46.748154496105535, 0.0 ], [ -71.297300803671106, 46.748165267452151, 0.0 ], [ -71.297358139100822, 46.748176527449708, 0.0 ], [ -71.297421477199691, 46.748190120669932, 0.0 ], [ -71.297495127748633, 46.748192990116728, 0.0 ], [ -71.297530768669702, 46.748195764560428, 0.0 ], [ -71.297580321706391, 46.748204703604259, 0.0 ], [ -71.297620734970423, 46.748218681403479, 0.0 ], [ -71.297667826186327, 46.748231083233044, 0.0 ], [ -71.297718259308922, 46.748242894966843, 0.0 ], [ -71.297767998873894, 46.748257374481405, 0.0 ], [ -71.29782894829107, 46.748272279626214, 0.0 ], [ -71.297871581376285, 46.748287672306112, 0.0 ], [ -71.297918962945459, 46.74830555088451, 0.0 ], [ -71.297959906087613, 46.748319947705326, 0.0 ], [ -71.297998976418071, 46.748335149264392, 0.0 ], [ -71.298046741799837, 46.748350650033807, 0.0 ], [ -71.29808778486084, 46.748371811490017, 0.0 ], [ -71.298133698713116, 46.748389556271142, 0.0 ], [ -71.298179879937663, 46.748404132396239, 0.0 ], [ -71.298215065936361, 46.748432819758065, 0.0 ], [ -71.298248025252391, 46.748452526128013, 0.0 ], [ -71.298291516844486, 46.748476405371122, 0.0 ], [ -71.298332661604178, 46.748497350113425, 0.0 ], [ -71.298366268862537, 46.748511294160544, 0.0 ], [ -71.298405357509893, 46.748527718978551, 0.0 ], [ -71.29842427496655, 46.748546659599839, 0.0 ], [ -71.298458289372036, 46.748559809086011, 0.0 ], [ -71.298502078244624, 46.748568356116301, 0.0 ], [ -71.298540285303346, 46.748574710944965, 0.0 ], [ -71.298565854996113, 46.748597419644348, 0.0 ], [ -71.298587673727226, 46.748621378039786, 0.0 ], [ -71.298616517199633, 46.748638881890194, 0.0 ], [ -71.298646273731521, 46.74866148938041, 0.0 ], [ -71.298679599333738, 46.748690909303143, 0.0 ], [ -71.298723782940513, 46.748719965542918, 0.0 ], [ -71.298763327202167, 46.748745950351356, 0.0 ], [ -71.298798715254492, 46.748767016075746, 0.0 ], [ -71.298853864775623, 46.74879326077901, 0.0 ], [ -71.298918591690764, 46.7488228212815, 0.0 ], [ -71.298980826647608, 46.748846713349906, 0.0 ], [ -71.299037792806956, 46.748868339066185, 0.0 ], [ -71.29909478985617, 46.748892051729271, 0.0 ], [ -71.299141155173572, 46.748911952115655, 0.0 ], [ -71.299181629864137, 46.748930022346897, 0.0 ], [ -71.299239964205526, 46.748945025970649, 0.0 ], [ -71.299300202436982, 46.748954240505505, 0.0 ], [ -71.29934367979692, 46.748962933333509, 0.0 ], [ -71.29939131779372, 46.748962672540458, 0.0 ], [ -71.299429254318127, 46.748943622810422, 0.0 ], [ -71.299456338560873, 46.748927095934405, 0.0 ], [ -71.299456068282666, 46.748908816908852, 0.0 ], [ -71.299473417861321, 46.748892501979462, 0.0 ], [ -71.299507150899416, 46.74886534874215, 0.0 ], [ -71.299535197685543, 46.748864352099929, 0.0 ], [ -71.299577450180351, 46.748882265826069, 0.0 ], [ -71.299585889082394, 46.748900640716649, 0.0 ], [ -71.299586812061207, 46.748920570539731, 0.0 ], [ -71.299558545078824, 46.748920840015565, 0.0 ], [ -71.299528991534871, 46.748926156520319, 0.0 ], [ -71.299506192422996, 46.748942149670846, 0.0 ], [ -71.29950217719923, 46.748968015707341, 0.0 ], [ -71.299527538088142, 46.748990725649556, 0.0 ], [ -71.299555813879763, 46.749005210400462, 0.0 ], [ -71.299588657360118, 46.749009946995443, 0.0 ], [ -71.299617609371552, 46.749006433981094, 0.0 ], [ -71.299646493261122, 46.748998315220994, 0.0 ], [ -71.299678405892664, 46.748989671484047, 0.0 ], [ -71.299706513246562, 46.748978607279085, 0.0 ], [ -71.299743349102343, 46.748963019797458, 0.0 ], [ -71.299781561959279, 46.748948502261698, 0.0 ], [ -71.299812552128259, 46.748948285670096, 0.0 ], [ -71.299837014218284, 46.748938542408091, 0.0 ], [ -71.29988074151585, 46.748928736455113, 0.0 ], [ -71.299906968869266, 46.748932151733911, 0.0 ], [ -71.299937224023111, 46.748931796302088, 0.0 ], [ -71.299990567745141, 46.7489137902378, 0.0 ], [ -71.300022477076212, 46.748904930511472, 0.0 ], [ -71.300046750286953, 46.748889502728893, 0.0 ], [ -71.300097371160305, 46.748885622182726, 0.0 ], [ -71.300155998915727, 46.748863836547443, 0.0 ], [ -71.300159198614395, 46.748839487603775, 0.0 ], [ -71.300185756326783, 46.748836926824218, 0.0 ], [ -71.30021608033887, 46.748848302289893, 0.0 ], [ -71.300270498541451, 46.748832159855873, 0.0 ], [ -71.300293894666012, 46.748814075186395, 0.0 ], [ -71.300339473287053, 46.748802024975525, 0.0 ], [ -71.300386126547863, 46.748791838504893, 0.0 ], [ -71.30042813935637, 46.748772328099719, 0.0 ], [ -71.300474167895686, 46.748761498213831, 0.0 ], [ -71.300473060117668, 46.748779498988732, 0.0 ], [ -71.300469733493358, 46.748802337415199, 0.0 ], [ -71.300498914184601, 46.748793064809668, 0.0 ], [ -71.300521081564426, 46.748776859963542, 0.0 ], [ -71.30055880816407, 46.74875781132647, 0.0 ], [ -71.300611654498027, 46.748742480415771, 0.0 ], [ -71.300650922899337, 46.748748890090035, 0.0 ], [ -71.300684517817373, 46.748740738106456, 0.0 ], [ -71.300715156722688, 46.748730951438063, 0.0 ], [ -71.300760660078566, 46.748727970070966, 0.0 ], [ -71.300794156424089, 46.748727303843836, 0.0 ], [ -71.300818452544547, 46.748720512389177, 0.0 ], [ -71.300841952066619, 46.748702354911423, 0.0 ], [ -71.300873394981437, 46.748704437971348, 0.0 ], [ -71.300904470282845, 46.748709978256514, 0.0 ], [ -71.300927264391916, 46.748700750239259, 0.0 ], [ -71.300936742730727, 46.748725649224745, 0.0 ], [ -71.300962413433567, 46.748733899285249, 0.0 ], [ -71.300990681295289, 46.74872751182744, 0.0 ], [ -71.301017466933288, 46.748718255853561, 0.0 ], [ -71.301041734462501, 46.748737806342106, 0.0 ], [ -71.301053302859401, 46.748755358529358, 0.0 ], [ -71.301070849606418, 46.748773588587092, 0.0 ], [ -71.301097182920529, 46.748770021557249, 0.0 ], [ -71.301136959316011, 46.748755060789911, 0.0 ], [ -71.301128898188125, 46.748776348994589, 0.0 ], [ -71.301108774800582, 46.748789156960733, 0.0 ], [ -71.301101138839172, 46.748810874019526, 0.0 ], [ -71.301093522064463, 46.748833886441282, 0.0 ], [ -71.301069583527365, 46.748850679573529, 0.0 ], [ -71.301081975667302, 46.748867290353871, 0.0 ], [ -71.301077060519333, 46.748895969658307, 0.0 ], [ -71.301088889535492, 46.748916974678075, 0.0 ], [ -71.301112970379435, 46.748930984605884, 0.0 ], [ -71.301122104257644, 46.748952944126842, 0.0 ], [ -71.301125906567975, 46.748977244078858, 0.0 ], [ -71.30113865869653, 46.748996947132973, 0.0 ], [ -71.301190421769178, 46.749027748660183, 0.0 ], [ -71.301269945342824, 46.749066488638064, 0.0 ], [ -71.301329418786722, 46.749094717090998, 0.0 ], [ -71.301392336620651, 46.749122201670971, 0.0 ], [ -71.301448603456151, 46.749131883715599, 0.0 ], [ -71.301492951022752, 46.749135675529743, 0.0 ], [ -71.301515166727981, 46.749150993933505, 0.0 ], [ -71.301554025126165, 46.749158854607906, 0.0 ], [ -71.301576558844033, 46.749139120359267, 0.0 ], [ -71.30159692392337, 46.749114363249852, 0.0 ], [ -71.3016292789613, 46.749086139458285, 0.0 ], [ -71.301656571050472, 46.749062485367361, 0.0 ], [ -71.301687265694426, 46.749042334066054, 0.0 ], [ -71.301739197720408, 46.749020954387433, 0.0 ], [ -71.301739782861404, 46.749039231201898, 0.0 ], [ -71.301713046438081, 46.749057987317016, 0.0 ], [ -71.301679054193642, 46.749073771428336, 0.0 ], [ -71.301665885218, 46.749097470531979, 0.0 ], [ -71.301684398154222, 46.749110223846586, 0.0 ], [ -71.301715935724019, 46.749090426493112, 0.0 ], [ -71.30174986101909, 46.749069244932308, 0.0 ], [ -71.301784997825436, 46.749045032044727, 0.0 ], [ -71.301829572130174, 46.74902881389535, 0.0 ], [ -71.301864426365498, 46.749027912927794, 0.0 ], [ -71.301896427082212, 46.749046410433905, 0.0 ], [ -71.301931264475527, 46.749037313740864, 0.0 ], [ -71.301974080235922, 46.749022547300527, 0.0 ], [ -71.30200253636265, 46.74902090843247, 0.0 ], [ -71.302011318722862, 46.749055321519634, 0.0 ], [ -71.302008946746298, 46.749078944992853, 0.0 ], [ -71.301987068164678, 46.749093420772247, 0.0 ], [ -71.301979272311144, 46.749111396460044, 0.0 ], [ -71.301966261717041, 46.749144882693976, 0.0 ], [ -71.301985123800037, 46.749181168390052, 0.0 ], [ -71.302023825946321, 46.749220841668354, 0.0 ], [ -71.302080897109732, 46.749263552958801, 0.0 ], [ -71.302143313450529, 46.749285426816684, 0.0 ], [ -71.302210860963342, 46.749287040510445, 0.0 ], [ -71.302225194358954, 46.749264205843545, 0.0 ], [ -71.302253765673626, 46.749250033963754, 0.0 ], [ -71.302286508446784, 46.749232962944127, 0.0 ], [ -71.302329491211708, 46.749214452651273, 0.0 ], [ -71.302340325910166, 46.749232801544565, 0.0 ], [ -71.302320611820861, 46.749244959104324, 0.0 ], [ -71.302301185072494, 46.749262368609429, 0.0 ], [ -71.302323694858018, 46.74927631732443, 0.0 ], [ -71.30236071063608, 46.749272891024013, 0.0 ], [ -71.302339264704216, 46.749295352739857, 0.0 ], [ -71.302314824227395, 46.749313589092615, 0.0 ], [ -71.302285611583997, 46.749313649955752, 0.0 ], [ -71.302276611757804, 46.749335160736806, 0.0 ], [ -71.302283942466389, 46.749370519615752, 0.0 ], [ -71.302312070578495, 46.749403213661537, 0.0 ], [ -71.302344719935903, 46.749437171498307, 0.0 ], [ -71.302395329237157, 46.749467764652117, 0.0 ], [ -71.302453164860282, 46.749498451055089, 0.0 ], [ -71.302512683171202, 46.749536682698604, 0.0 ], [ -71.302572237895305, 46.74957030784141, 0.0 ], [ -71.302635864152393, 46.749603112703021, 0.0 ], [ -71.302696443558744, 46.749628165914558, 0.0 ], [ -71.302762954748147, 46.749656920031903, 0.0 ], [ -71.302812329177485, 46.749675718239388, 0.0 ], [ -71.302850219027391, 46.749653572904236, 0.0 ], [ -71.302866698169282, 46.749635104405655, 0.0 ], [ -71.302917573766081, 46.749627190388225, 0.0 ], [ -71.30295518278632, 46.749642544450573, 0.0 ], [ -71.302928687988924, 46.749670511580717, 0.0 ], [ -71.302892182709627, 46.749687177348306, 0.0 ], [ -71.302913420455354, 46.749707108555157, 0.0 ], [ -71.302963090142711, 46.749730798728351, 0.0 ], [ -71.303013406231912, 46.749755707869632, 0.0 ], [ -71.30306804592928, 46.749775620572855, 0.0 ], [ -71.30312195491814, 46.749795682322322, 0.0 ], [ -71.303169056431486, 46.749815647880638, 0.0 ], [ -71.303227227038661, 46.749826539214268, 0.0 ], [ -71.30329609826471, 46.749838794846539, 0.0 ], [ -71.303356941980155, 46.74985340989889, 0.0 ], [ -71.303412312802621, 46.749865256430475, 0.0 ], [ -71.303465459638829, 46.749870128260497, 0.0 ], [ -71.303520490755801, 46.749873205525923, 0.0 ], [ -71.303567989508849, 46.749885539088751, 0.0 ], [ -71.30361365946014, 46.749893711092994, 0.0 ], [ -71.303654667209884, 46.749905226536825, 0.0 ], [ -71.303685223471021, 46.749925092158065, 0.0 ], [ -71.303718847030851, 46.74994702341926, 0.0 ], [ -71.303765812247832, 46.74997188379124, 0.0 ], [ -71.303816136262839, 46.749990243062875, 0.0 ], [ -71.303858757564839, 46.750011679248381, 0.0 ], [ -71.303910105091902, 46.750028447902892, 0.0 ], [ -71.303975531305113, 46.750041375076009, 0.0 ], [ -71.30403320092843, 46.750039674403347, 0.0 ], [ -71.304079810656745, 46.750026535879243, 0.0 ], [ -71.304139729911938, 46.750014167476223, 0.0 ], [ -71.304187546936845, 46.750004762973319, 0.0 ], [ -71.304227295951236, 46.750002036583133, 0.0 ], [ -71.304263453956224, 46.749990194961221, 0.0 ], [ -71.304293645424252, 46.74998552049999, 0.0 ], [ -71.304337483634711, 46.749969090633535, 0.0 ], [ -71.304344621740981, 46.749941259233523, 0.0 ], [ -71.304346213564344, 46.749915410063267, 0.0 ], [ -71.304370671594, 46.749891343415122, 0.0 ], [ -71.304385264189406, 46.749858709456099, 0.0 ], [ -71.304386322043328, 46.74982336372166, 0.0 ], [ -71.304402731721652, 46.749786182745424, 0.0 ], [ -71.304440724015791, 46.74978591568059, 0.0 ], [ -71.304497320425696, 46.749775441722299, 0.0 ], [ -71.304548520695533, 46.749760327487706, 0.0 ], [ -71.304609515206323, 46.749750758189911, 0.0 ], [ -71.304661216725776, 46.749720958072729, 0.0 ], [ -71.304681167701943, 46.749682528629229, 0.0 ], [ -71.304689974767555, 46.749648127013089, 0.0 ], [ -71.304653199760807, 46.749632560736458, 0.0 ], [ -71.304686167793662, 46.749611313065259, 0.0 ], [ -71.304699168742104, 46.749583440414987, 0.0 ], [ -71.304728818247014, 46.749577546123739, 0.0 ], [ -71.304776193495627, 46.749566633066287, 0.0 ], [ -71.304799758457619, 46.749552936587513, 0.0 ], [ -71.304831776553243, 46.749523274819033, 0.0 ], [ -71.304857092414267, 46.74950762276751, 0.0 ], [ -71.30489254385094, 46.749497585217391, 0.0 ], [ -71.304931541830811, 46.749479605779257, 0.0 ], [ -71.30499443328776, 46.749462969666716, 0.0 ], [ -71.30502392924673, 46.749459955262921, 0.0 ], [ -71.305060468535373, 46.749460570875293, 0.0 ], [ -71.305067232890394, 46.749478867176705, 0.0 ], [ -71.305048928089676, 46.749500371664929, 0.0 ], [ -71.305013689061212, 46.749511487350787, 0.0 ], [ -71.304977395467247, 46.749514189708258, 0.0 ], [ -71.304963455541639, 46.749534367980907, 0.0 ], [ -71.304953897903147, 46.749553507817026, 0.0 ], [ -71.304928072489318, 46.749570099111288, 0.0 ], [ -71.304946775691164, 46.749588536355255, 0.0 ], [ -71.304988259829514, 46.749596881198528, 0.0 ], [ -71.304963868797529, 46.749604321954195, 0.0 ], [ -71.304933780456935, 46.749615905188847, 0.0 ], [ -71.304914622745457, 46.749637271710135, 0.0 ], [ -71.304912385343883, 46.749655784276626, 0.0 ], [ -71.304890231790765, 46.749672853539707, 0.0 ], [ -71.304855125400337, 46.749684975852752, 0.0 ], [ -71.304828790330873, 46.749702506345947, 0.0 ], [ -71.304835419295259, 46.749725778683647, 0.0 ], [ -71.304837697438671, 46.749759238682778, 0.0 ], [ -71.304790230057279, 46.74977100708179, 0.0 ], [ -71.30475312282033, 46.749769180847856, 0.0 ], [ -71.304732053874176, 46.749787897810805, 0.0 ], [ -71.30474110813573, 46.749812313648533, 0.0 ], [ -71.304759339151346, 46.749834199906992, 0.0 ], [ -71.304786669413502, 46.749855383418797, 0.0 ], [ -71.304824012157255, 46.749873905511613, 0.0 ], [ -71.304860479064217, 46.749896896022115, 0.0 ], [ -71.304897276712296, 46.749914846148002, 0.0 ], [ -71.304951543690535, 46.749936919736321, 0.0 ], [ -71.304996229359602, 46.749956325759079, 0.0 ], [ -71.305039644435567, 46.749967751800327, 0.0 ], [ -71.305091686268995, 46.749974870780065, 0.0 ], [ -71.305146532466395, 46.749980458591295, 0.0 ], [ -71.305194483251384, 46.749980049238026, 0.0 ], [ -71.305241268078888, 46.749971659166604, 0.0 ], [ -71.305286342345937, 46.749960906034126, 0.0 ], [ -71.30533915390393, 46.74995643197758, 0.0 ], [ -71.30538234928791, 46.749953105155541, 0.0 ], [ -71.305413180963157, 46.749935183027659, 0.0 ], [ -71.305440349251313, 46.74991735864775, 0.0 ], [ -71.305477888005342, 46.749899821127912, 0.0 ], [ -71.305505095549918, 46.749877606158329, 0.0 ], [ -71.305540006079653, 46.749859367396809, 0.0 ], [ -71.305571283247943, 46.749843241392433, 0.0 ], [ -71.305610936073975, 46.749819139485851, 0.0 ], [ -71.305668658006653, 46.749807793359416, 0.0 ], [ -71.305732391035221, 46.74979755643399, 0.0 ], [ -71.305796789993394, 46.74978457984421, 0.0 ], [ -71.305867552534508, 46.749776164619661, 0.0 ], [ -71.305940610257366, 46.74977421067581, 0.0 ], [ -71.306016097042885, 46.749766625752891, 0.0 ], [ -71.306060498804626, 46.749752926195512, 0.0 ], [ -71.306094313181688, 46.749738437534418, 0.0 ], [ -71.306136489126771, 46.749736979886414, 0.0 ], [ -71.30617040217814, 46.749743155496368, 0.0 ], [ -71.306208034257949, 46.749752966476031, 0.0 ], [ -71.306258483289398, 46.74976650166338, 0.0 ], [ -71.306286812993605, 46.749783575366408, 0.0 ], [ -71.306319750773781, 46.749808605496639, 0.0 ], [ -71.306366909860643, 46.74982533058941, 0.0 ], [ -71.306412947812674, 46.749823926594708, 0.0 ], [ -71.306474087380622, 46.749822344183485, 0.0 ], [ -71.306520382162802, 46.74982324144267, 0.0 ], [ -71.306580418714347, 46.749818787864534, 0.0 ], [ -71.306646213122931, 46.749807240402987, 0.0 ], [ -71.306705767501157, 46.749798543804076, 0.0 ], [ -71.306764848301711, 46.749786179935818, 0.0 ], [ -71.306842486384085, 46.749775412528805, 0.0 ], [ -71.306899898961447, 46.749770545450929, 0.0 ], [ -71.30694606639905, 46.749755897462478, 0.0 ], [ -71.306990473788034, 46.749735576071231, 0.0 ], [ -71.307031070702052, 46.749719527888999, 0.0 ], [ -71.307089241287983, 46.749709329434992, 0.0 ], [ -71.30714837483481, 46.749694374000754, 0.0 ], [ -71.307185659735026, 46.749687057748098, 0.0 ], [ -71.307221436160773, 46.749670755611433, 0.0 ], [ -71.307259007939834, 46.749648467114355, 0.0 ], [ -71.307298996329934, 46.749626737333415, 0.0 ], [ -71.307338408696822, 46.749615519528959, 0.0 ], [ -71.307378326721874, 46.749596093323824, 0.0 ], [ -71.307431961347064, 46.749590676856307, 0.0 ], [ -71.307501926629698, 46.749585001185459, 0.0 ], [ -71.307575251678642, 46.749565914950999, 0.0 ], [ -71.307645141662348, 46.749555201676763, 0.0 ], [ -71.307640280236285, 46.749573229012235, 0.0 ], [ -71.307651675533819, 46.749600066154436, 0.0 ], [ -71.30768022877001, 46.749618937238154, 0.0 ], [ -71.307724861795165, 46.749627762669618, 0.0 ], [ -71.307768929150129, 46.749619750604872, 0.0 ], [ -71.307788128729229, 46.749601262193273, 0.0 ], [ -71.307782096591836, 46.749575970593398, 0.0 ], [ -71.307795848655886, 46.749557304716909, 0.0 ], [ -71.30782208754313, 46.749561437821306, 0.0 ], [ -71.307819456896851, 46.749582472245208, 0.0 ], [ -71.307831251904858, 46.749607147384907, 0.0 ], [ -71.307868936191198, 46.749613430817206, 0.0 ], [ -71.307905733526709, 46.749595393928537, 0.0 ], [ -71.307940220347561, 46.749569888242064, 0.0 ], [ -71.307963916149731, 46.749536973635927, 0.0 ], [ -71.307966614886553, 46.749508237712718, 0.0 ], [ -71.307991080219409, 46.749497916907742, 0.0 ], [ -71.308045155722311, 46.749479973893735, 0.0 ], [ -71.308028939879009, 46.749452882939494, 0.0 ], [ -71.307997684163965, 46.749449361081759, 0.0 ], [ -71.308013368367909, 46.749426867014854, 0.0 ], [ -71.308051378872989, 46.749405942628449, 0.0 ], [ -71.308094966263184, 46.749386850122697, 0.0 ], [ -71.308140258894809, 46.749369760776851, 0.0 ], [ -71.308181092551678, 46.749355581787967, 0.0 ], [ -71.308218544683797, 46.749339339475917, 0.0 ], [ -71.308250666583604, 46.749330763841861, 0.0 ], [ -71.308293392258918, 46.749317075254297, 0.0 ], [ -71.308335503717473, 46.749304326626749, 0.0 ], [ -71.308372777904424, 46.749283191417746, 0.0 ], [ -71.308421093336619, 46.749272198236262, 0.0 ], [ -71.308451818911465, 46.749254276035927, 0.0 ], [ -71.308498166271761, 46.749251717462087, 0.0 ], [ -71.308511560851215, 46.749279188144264, 0.0 ], [ -71.30849132789055, 46.749291566350443, 0.0 ], [ -71.30845474282188, 46.749302764579028, 0.0 ], [ -71.30842065324947, 46.749312793613036, 0.0 ], [ -71.308388976749924, 46.749330146745386, 0.0 ], [ -71.30838264506751, 46.749354868908647, 0.0 ], [ -71.308368432312463, 46.749377721489402, 0.0 ], [ -71.308335767219049, 46.749391986789661, 0.0 ], [ -71.308309701258608, 46.749406421384528, 0.0 ], [ -71.30832346200927, 46.749424245239545, 0.0 ], [ -71.30836290075743, 46.749420943826678, 0.0 ], [ -71.308407214901464, 46.749415448796, 0.0 ], [ -71.308448255271287, 46.74940896926676, 0.0 ], [ -71.308498086235957, 46.749400412397947, 0.0 ], [ -71.30851930901062, 46.749412209824783, 0.0 ], [ -71.308511384455386, 46.749435440831242, 0.0 ], [ -71.308482912187628, 46.749436001850341, 0.0 ], [ -71.308466497764144, 46.749451663790694, 0.0 ], [ -71.308466697603151, 46.74947203048432, 0.0 ], [ -71.30845229716347, 46.749489333552496, 0.0 ], [ -71.308411465818665, 46.749496666275149, 0.0 ], [ -71.308363814010093, 46.749510038840107, 0.0 ], [ -71.308326718191196, 46.749522104300347, 0.0 ], [ -71.308283525896513, 46.749539610717022, 0.0 ], [ -71.308282489738858, 46.74956135361063, 0.0 ], [ -71.308273024338476, 46.749594464657683, 0.0 ], [ -71.308260433487391, 46.749619878770922, 0.0 ], [ -71.308295235851588, 46.749650508988182, 0.0 ], [ -71.308342864264603, 46.749635562227738, 0.0 ], [ -71.308412452702498, 46.749611688716776, 0.0 ], [ -71.308486764977488, 46.74958861846531, 0.0 ], [ -71.308539625662107, 46.749587471293452, 0.0 ], [ -71.308565680582163, 46.749579298297633, 0.0 ], [ -71.308631603091072, 46.749555360590065, 0.0 ], [ -71.308685607679749, 46.749525686321689, 0.0 ], [ -71.308720990303271, 46.749518095122689, 0.0 ], [ -71.308767393053643, 46.749512225331856, 0.0 ], [ -71.30882382493985, 46.749511826489453, 0.0 ], [ -71.308925648365516, 46.74950095869719, 0.0 ], [ -71.30901458859347, 46.749489822033425, 0.0 ], [ -71.309080248053775, 46.749483312172202, 0.0 ], [ -71.309094641828253, 46.74946557723932, 0.0 ], [ -71.30912125970741, 46.749467044398457, 0.0 ], [ -71.309163896272281, 46.74946839828602, 0.0 ], [ -71.309264134869295, 46.74946358705531, 0.0 ], [ -71.309390668815468, 46.749452688043299, 0.0 ], [ -71.309517432530953, 46.749439655092317, 0.0 ], [ -71.309585171100281, 46.749427777308263, 0.0 ], [ -71.309678117582905, 46.749412365431496, 0.0 ], [ -71.309762567530086, 46.749395070355192, 0.0 ], [ -71.309815857430053, 46.749387639990047, 0.0 ], [ -71.309848183255539, 46.749377838938514, 0.0 ], [ -71.309901219252311, 46.749375304433656, 0.0 ], [ -71.309936437486087, 46.749370736850317, 0.0 ], [ -71.309942649486871, 46.749352052108129, 0.0 ], [ -71.309979124066217, 46.749347475619565, 0.0 ], [ -71.310026313429077, 46.749338217061094, 0.0 ], [ -71.31006706342616, 46.749325477432997, 0.0 ], [ -71.310100659401314, 46.749317466621491, 0.0 ], [ -71.310147017610987, 46.749308645729613, 0.0 ], [ -71.310199816330126, 46.749296396531513, 0.0 ], [ -71.310233108960801, 46.749289107549814, 0.0 ], [ -71.310266476081622, 46.749279802811934, 0.0 ], [ -71.31030626413488, 46.74927973700057, 0.0 ], [ -71.310336234544081, 46.749281333078855, 0.0 ], [ -71.310386825726454, 46.749275495947373, 0.0 ], [ -71.310403030143476, 46.749259835217785, 0.0 ], [ -71.310438445765683, 46.749241375464912, 0.0 ], [ -71.310469952210724, 46.749225822271448, 0.0 ], [ -71.310551859708255, 46.749213582665668, 0.0 ], [ -71.310620038809461, 46.749201440248875, 0.0 ], [ -71.310707903294229, 46.749187574947626, 0.0 ], [ -71.310790857644534, 46.74917532775428, 0.0 ], [ -71.310869733104369, 46.74916339729149, 0.0 ], [ -71.310956090556687, 46.749147671203119, 0.0 ], [ -71.311039611434609, 46.749131317404206, 0.0 ], [ -71.31111945708588, 46.749114269873161, 0.0 ], [ -71.311200973511433, 46.749096922554237, 0.0 ], [ -71.311275283104337, 46.749080777822975, 0.0 ], [ -71.311356311526708, 46.749058827637676, 0.0 ], [ -71.311429215685351, 46.749039741914238, 0.0 ], [ -71.311476493900869, 46.749023356887619, 0.0 ], [ -71.311534951160894, 46.749010563142072, 0.0 ], [ -71.3115853897759, 46.748994587490593, 0.0 ], [ -71.311640496480763, 46.748975699823717, 0.0 ], [ -71.311687838439695, 46.748962696946734, 0.0 ], [ -71.311722812385199, 46.748962808733026, 0.0 ], [ -71.311730566074317, 46.74894224168132, 0.0 ], [ -71.31176037304823, 46.748932961760147, 0.0 ], [ -71.311798157677146, 46.748938955298854, 0.0 ], [ -71.311813536864605, 46.748917182592592, 0.0 ], [ -71.311844252577572, 46.748905665067284, 0.0 ], [ -71.311892044422407, 46.748887764810128, 0.0 ], [ -71.31192478823148, 46.748878823870406, 0.0 ], [ -71.311969097499912, 46.748887002195524, 0.0 ], [ -71.311952615360227, 46.748905049195173, 0.0 ], [ -71.311934518188565, 46.748920138801509, 0.0 ], [ -71.311952314773308, 46.748940812472249, 0.0 ], [ -71.311987694934288, 46.74896100151517, 0.0 ], [ -71.312021502230806, 46.748967095173661, 0.0 ], [ -71.312056816060675, 46.748961950481764, 0.0 ], [ -71.312100053287693, 46.748954518414749, 0.0 ], [ -71.312133293558816, 46.748943774589456, 0.0 ], [ -71.312154557093521, 46.748965215317469, 0.0 ], [ -71.312167040211364, 46.748987653995222, 0.0 ], [ -71.31220421296004, 46.748994731324146, 0.0 ], [ -71.312240201625826, 46.748999657881967, 0.0 ], [ -71.312277023719503, 46.749011271919272, 0.0 ], [ -71.312314914235799, 46.749017336507848, 0.0 ], [ -71.312368376401679, 46.749021419268232, 0.0 ], [ -71.312400100472161, 46.749021266029608, 0.0 ], [ -71.312424964434129, 46.748989637699204, 0.0 ], [ -71.31244444079023, 46.748975752753196, 0.0 ], [ -71.312471830513914, 46.748986785944304, 0.0 ], [ -71.312464947313785, 46.749016487324489, 0.0 ], [ -71.312444268661167, 46.749033979415358, 0.0 ], [ -71.312423428181845, 46.749054639424294, 0.0 ], [ -71.312462071148957, 46.74906896641869, 0.0 ], [ -71.31244808237021, 46.749085700288987, 0.0 ], [ -71.312431037920121, 46.749101160353128, 0.0 ], [ -71.312445073113736, 46.749122355458816, 0.0 ], [ -71.312481266478258, 46.749147864511627, 0.0 ], [ -71.312516562822594, 46.749169421455768, 0.0 ], [ -71.312560624725336, 46.749195954196516, 0.0 ], [ -71.312610768815375, 46.749223091479593, 0.0 ], [ -71.312674319550609, 46.749250493393575, 0.0 ], [ -71.312728084866151, 46.749274726024154, 0.0 ], [ -71.312772841972304, 46.749298734721599, 0.0 ], [ -71.312828317738081, 46.749311367646797, 0.0 ], [ -71.312885013614633, 46.749335507415779, 0.0 ], [ -71.312931473864168, 46.749354393933054, 0.0 ], [ -71.312977964444826, 46.74937529543503, 0.0 ], [ -71.313022887579493, 46.74938944267587, 0.0 ], [ -71.313077529445422, 46.749409278615651, 0.0 ], [ -71.313132077377745, 46.749430698583183, 0.0 ], [ -71.313192147439068, 46.74944855265062, 0.0 ], [ -71.313240426712227, 46.749470017111982, 0.0 ], [ -71.313290598926329, 46.749485062582188, 0.0 ], [ -71.313329668930791, 46.749499899049262, 0.0 ], [ -71.313381328611612, 46.749516373349948, 0.0 ], [ -71.313436914094126, 46.749536274382997, 0.0 ], [ -71.313486701106754, 46.749554417305902, 0.0 ], [ -71.313542309499582, 46.749574965873791, 0.0 ], [ -71.313596946326527, 46.749594441740491, 0.0 ], [ -71.313659024292519, 46.74961436847822, 0.0 ], [ -71.313714565569953, 46.749631318834112, 0.0 ], [ -71.313762908749339, 46.749650047680142, 0.0 ], [ -71.313807806691798, 46.749669448755469, 0.0 ], [ -71.313863609464903, 46.749689851840451, 0.0 ], [ -71.313916237766762, 46.749708046341119, 0.0 ], [ -71.313971510631148, 46.749728021309693, 0.0 ], [ -71.314037559814381, 46.749747415790104, 0.0 ], [ -71.314097435129142, 46.749767070069815, 0.0 ], [ -71.314157590903164, 46.749785354852804, 0.0 ], [ -71.314217112274193, 46.749800621289488, 0.0 ], [ -71.314267952186199, 46.749819116241135, 0.0 ], [ -71.314333569786669, 46.749837649956191, 0.0 ], [ -71.314393774047446, 46.749852191720379, 0.0 ], [ -71.314456868217462, 46.749869159936608, 0.0 ], [ -71.314519188265322, 46.749884262353248, 0.0 ], [ -71.314581482800278, 46.749904618881189, 0.0 ], [ -71.314653308094563, 46.749924250781945, 0.0 ], [ -71.314726761509746, 46.749939876594389, 0.0 ], [ -71.314778975980985, 46.749954025213256, 0.0 ], [ -71.314850540017119, 46.749971076851047, 0.0 ], [ -71.31495232875568, 46.74999266336237, 0.0 ], [ -71.315031096458398, 46.750008296116249, 0.0 ], [ -71.31510235685667, 46.750019088186008, 0.0 ], [ -71.315172147167644, 46.750029602795003, 0.0 ], [ -71.315255108341333, 46.750045565383331, 0.0 ], [ -71.315332233019589, 46.750056387504038, 0.0 ], [ -71.315420013074331, 46.750065550261397, 0.0 ], [ -71.315507050500457, 46.750074070494705, 0.0 ], [ -71.31559125995328, 46.750083402510114, 0.0 ], [ -71.315672425700427, 46.750090525023232, 0.0 ], [ -71.315750525842034, 46.750096589750264, 0.0 ], [ -71.315809695147365, 46.750104084880817, 0.0 ], [ -71.315872695954496, 46.750108745752016, 0.0 ], [ -71.315955421334436, 46.750116000889172, 0.0 ], [ -71.316026391191002, 46.750121396547357, 0.0 ], [ -71.316102542389032, 46.750129274234396, 0.0 ], [ -71.316156620613157, 46.750140260153621, 0.0 ], [ -71.31622968231531, 46.750145496822455, 0.0 ], [ -71.316290999336857, 46.750149593696364, 0.0 ], [ -71.316348046550843, 46.750155232411089, 0.0 ], [ -71.316398673484557, 46.750158685765371, 0.0 ], [ -71.316442141808011, 46.750159599174793, 0.0 ], [ -71.316490568640617, 46.75014910559684, 0.0 ], [ -71.3165457869422, 46.75013070958282, 0.0 ], [ -71.316601944365999, 46.750112099920784, 0.0 ], [ -71.316646522812121, 46.750095525105898, 0.0 ], [ -71.316709949884753, 46.75005995006746, 0.0 ], [ -71.316763227716351, 46.750024015599585, 0.0 ], [ -71.316812492921372, 46.749992787934715, 0.0 ], [ -71.316884078953464, 46.749948877769825, 0.0 ], [ -71.316933109575714, 46.749916860033849, 0.0 ], [ -71.316980826990758, 46.749886291094043, 0.0 ], [ -71.317036536150496, 46.749858831848563, 0.0 ], [ -71.317080679846811, 46.749821307087409, 0.0 ], [ -71.317120495787435, 46.749788419426032, 0.0 ], [ -71.317166602239098, 46.749756062608135, 0.0 ], [ -71.317226736477622, 46.749709643005453, 0.0 ], [ -71.317273683675111, 46.749676632390788, 0.0 ], [ -71.317315981897053, 46.749635666056037, 0.0 ], [ -71.317370709438862, 46.749598713338422, 0.0 ], [ -71.317423032974304, 46.749568974977592, 0.0 ], [ -71.317453599863697, 46.749547668802911, 0.0 ], [ -71.317492813682222, 46.749537312582554, 0.0 ], [ -71.317554220880851, 46.749533563174992, 0.0 ], [ -71.317587795805835, 46.749538073462666, 0.0 ], [ -71.317620967183473, 46.749543594233351, 0.0 ], [ -71.317657994951489, 46.749547935886255, 0.0 ], [ -71.31770813185679, 46.7495467139751, 0.0 ], [ -71.317739291353504, 46.749543828350305, 0.0 ], [ -71.317779212353813, 46.749552539588265, 0.0 ], [ -71.317818563965133, 46.749565141375534, 0.0 ], [ -71.317864694599962, 46.749582876692301, 0.0 ], [ -71.317908755454198, 46.749595300847524, 0.0 ], [ -71.317955482933485, 46.749604035347751, 0.0 ], [ -71.318011147809216, 46.749615224966725, 0.0 ], [ -71.318072923265618, 46.749628889899647, 0.0 ], [ -71.31812390078511, 46.749640832693558, 0.0 ], [ -71.318182707861169, 46.749652944398761, 0.0 ], [ -71.318256562540029, 46.74967601419111, 0.0 ], [ -71.318326831561293, 46.749697391242584, 0.0 ], [ -71.318391607469692, 46.74970865946753, 0.0 ], [ -71.318467836833221, 46.749722580679119, 0.0 ], [ -71.318552149738011, 46.749737883461314, 0.0 ], [ -71.318633873580779, 46.749755075977568, 0.0 ], [ -71.318703441736062, 46.749764726357327, 0.0 ], [ -71.318773991502084, 46.749770051344825, 0.0 ], [ -71.318841667578923, 46.74977230205068, 0.0 ], [ -71.31888693297914, 46.749767443903359, 0.0 ], [ -71.318920426514069, 46.749752737828693, 0.0 ], [ -71.318947390630484, 46.749735559447565, 0.0 ], [ -71.318966988840998, 46.749715986723075, 0.0 ], [ -71.318998134237091, 46.749705255896266, 0.0 ], [ -71.319022401244936, 46.749689752158631, 0.0 ], [ -71.3190529250098, 46.749672548275768, 0.0 ], [ -71.319068691874662, 46.749655809868095, 0.0 ], [ -71.319091004516025, 46.749634850223423, 0.0 ], [ -71.319116207196046, 46.749619771601125, 0.0 ], [ -71.319126286635608, 46.749586160448366, 0.0 ], [ -71.319152214531414, 46.749570572822108, 0.0 ], [ -71.319174243517821, 46.749559403398848, 0.0 ], [ -71.319200297834982, 46.749565118602433, 0.0 ], [ -71.319237465312113, 46.749579534840159, 0.0 ], [ -71.319268198319605, 46.749575284382018, 0.0 ], [ -71.31931679420542, 46.749555288076628, 0.0 ], [ -71.319363045274855, 46.749532573599119, 0.0 ], [ -71.319424589733813, 46.74952407204529, 0.0 ], [ -71.319467303964259, 46.749516712911706, 0.0 ], [ -71.319497611586385, 46.749512897270712, 0.0 ], [ -71.319536218638987, 46.749511757125582, 0.0 ], [ -71.319568978954408, 46.749496192445761, 0.0 ], [ -71.319597660464922, 46.749488717846269, 0.0 ], [ -71.319612336467003, 46.749462198968104, 0.0 ], [ -71.319620818966555, 46.749433781200587, 0.0 ], [ -71.319661706303336, 46.749417294620187, 0.0 ], [ -71.319660256795331, 46.749397656614676, 0.0 ], [ -71.319638907288933, 46.749384566661888, 0.0 ], [ -71.319631925223646, 46.749366047864179, 0.0 ], [ -71.319653428361022, 46.749354738170211, 0.0 ], [ -71.319696130381033, 46.749339678021769, 0.0 ], [ -71.319735868184139, 46.749329389250697, 0.0 ], [ -71.319729815175506, 46.74929618149158, 0.0 ], [ -71.319715152003567, 46.74926828937253, 0.0 ], [ -71.319680978272913, 46.749251908598467, 0.0 ], [ -71.319698401375177, 46.749227025389807, 0.0 ], [ -71.319695253761225, 46.749198978809616, 0.0 ], [ -71.31970210254353, 46.749181080666368, 0.0 ], [ -71.319699470818691, 46.749159435909398, 0.0 ], [ -71.319671185252247, 46.749144668313967, 0.0 ], [ -71.319667281872583, 46.749115115731421, 0.0 ], [ -71.319687185001285, 46.749101874243649, 0.0 ], [ -71.319715574154756, 46.749116569121107, 0.0 ], [ -71.319732038849949, 46.749132069131377, 0.0 ], [ -71.319749350945656, 46.749148210818056, 0.0 ], [ -71.319743820781724, 46.749177111252806, 0.0 ], [ -71.3197443269475, 46.749195820377999, 0.0 ], [ -71.319757078254298, 46.749215881228309, 0.0 ], [ -71.31980150334779, 46.749210884793548, 0.0 ], [ -71.319828738565477, 46.749204715994807, 0.0 ], [ -71.319876610028658, 46.749212937710574, 0.0 ], [ -71.31988379609372, 46.749231095171737, 0.0 ], [ -71.319880860491935, 46.749258465609245, 0.0 ], [ -71.319888300564628, 46.74927956311047, 0.0 ], [ -71.31985899776528, 46.749308202037085, 0.0 ], [ -71.319848889057795, 46.749290650286746, 0.0 ], [ -71.319800736344604, 46.749305317707829, 0.0 ], [ -71.319798506238712, 46.74932397446252, 0.0 ], [ -71.319807283534331, 46.749350397322303, 0.0 ], [ -71.319820154927072, 46.749377510572295, 0.0 ], [ -71.319820425605926, 46.749402267041376, 0.0 ], [ -71.31980125533569, 46.749422412624682, 0.0 ], [ -71.319767226812417, 46.749443240420661, 0.0 ], [ -71.319745707397018, 46.749467289316989, 0.0 ], [ -71.319726906812633, 46.749491102817238, 0.0 ], [ -71.319717007647341, 46.749514996496885, 0.0 ], [ -71.319706785653494, 46.749538316711075, 0.0 ], [ -71.319708236273911, 46.749558026679701, 0.0 ], [ -71.319699105929899, 46.749577380607178, 0.0 ], [ -71.319697604295527, 46.749595744252495, 0.0 ], [ -71.319701382258174, 46.749617020936853, 0.0 ], [ -71.319718447920749, 46.749637617666707, 0.0 ], [ -71.319743999855788, 46.749664577115169, 0.0 ], [ -71.319775905638863, 46.749691059208644, 0.0 ], [ -71.319809016256372, 46.749713268314089, 0.0 ], [ -71.319847788279219, 46.749729040328681, 0.0 ], [ -71.319896213163858, 46.749739201318079, 0.0 ], [ -71.319952488199618, 46.749749162095263, 0.0 ], [ -71.319995295388779, 46.749754829051291, 0.0 ], [ -71.320050492652314, 46.749742054315497, 0.0 ], [ -71.32007296432451, 46.749732464933622, 0.0 ], [ -71.320111401506836, 46.749739962465469, 0.0 ], [ -71.320144756451839, 46.74974375385834, 0.0 ], [ -71.320193099524928, 46.749748517399986, 0.0 ], [ -71.320237010372452, 46.749751009582418, 0.0 ], [ -71.320277528320915, 46.749750719156012, 0.0 ], [ -71.320305884021394, 46.74975713733258, 0.0 ], [ -71.320345972375449, 46.749762175897736, 0.0 ], [ -71.320396578424493, 46.749764260162806, 0.0 ], [ -71.320434590330336, 46.749771328802261, 0.0 ], [ -71.320466171867366, 46.749768655325546, 0.0 ], [ -71.320503740673544, 46.749760325086719, 0.0 ], [ -71.320540226587227, 46.749749636517002, 0.0 ], [ -71.320568406469789, 46.749750505039991, 0.0 ], [ -71.320602900177136, 46.749760333791265, 0.0 ], [ -71.320633213476597, 46.749763786992411, 0.0 ], [ -71.320667896936797, 46.749772318865311, 0.0 ], [ -71.320704515214814, 46.749784147568889, 0.0 ], [ -71.320759396597879, 46.749791958780833, 0.0 ], [ -71.320815479740489, 46.749796162740928, 0.0 ], [ -71.320879834003492, 46.749800307342724, 0.0 ], [ -71.320926447527498, 46.749801493371962, 0.0 ], [ -71.320966666369486, 46.749795294137456, 0.0 ], [ -71.321003416111623, 46.749788193136489, 0.0 ], [ -71.321029942423095, 46.749776703202123, 0.0 ], [ -71.321049226013827, 46.749764041700715, 0.0 ], [ -71.321078075293727, 46.749752966921037, 0.0 ], [ -71.321109467003822, 46.749745553465729, 0.0 ], [ -71.32114301028129, 46.749741057426704, 0.0 ], [ -71.321182346931522, 46.749731931582843, 0.0 ], [ -71.321231037201358, 46.749718186364674, 0.0 ], [ -71.321278067482282, 46.749698560322223, 0.0 ], [ -71.321327977032865, 46.749682368256799, 0.0 ], [ -71.321384005233043, 46.749648499083627, 0.0 ], [ -71.321426525231388, 46.749614582902112, 0.0 ], [ -71.321471584939786, 46.749574674787716, 0.0 ], [ -71.321508348706047, 46.749541807505665, 0.0 ], [ -71.321546782077789, 46.74950770469929, 0.0 ], [ -71.321585821426808, 46.749465248763499, 0.0 ], [ -71.321589617000143, 46.74944629284623, 0.0 ], [ -71.321569066348758, 46.749431542159193, 0.0 ], [ -71.321550028135334, 46.749411238757318, 0.0 ], [ -71.321543738925058, 46.749390124105425, 0.0 ], [ -71.321566033030919, 46.749368876220885, 0.0 ], [ -71.321593091099814, 46.749351057787266, 0.0 ], [ -71.32160856035172, 46.749335463722097, 0.0 ], [ -71.321604319130685, 46.749311311540346, 0.0 ], [ -71.321598982830338, 46.749284000447233, 0.0 ], [ -71.321594980537327, 46.749261789796776, 0.0 ], [ -71.321606094721332, 46.749235224261049, 0.0 ], [ -71.321617658301022, 46.749210670716963, 0.0 ], [ -71.32164110316306, 46.749196251906454, 0.0 ], [ -71.321664980721181, 46.74917585629818, 0.0 ], [ -71.321688961566451, 46.749148478647363, 0.0 ], [ -71.321693921568283, 46.749123468706223, 0.0 ], [ -71.321712703656772, 46.749098503459308, 0.0 ], [ -71.321741844392619, 46.749079941317007, 0.0 ], [ -71.321756604545286, 46.749059035382338, 0.0 ], [ -71.321783391924299, 46.749044088734799, 0.0 ], [ -71.321811768170718, 46.749051010196119, 0.0 ], [ -71.321838551510879, 46.749043548665512, 0.0 ], [ -71.321879688298012, 46.749041813784515, 0.0 ], [ -71.321896108247373, 46.749067245958443, 0.0 ], [ -71.321927819523012, 46.749073999493902, 0.0 ], [ -71.32196204380601, 46.749086780628637, 0.0 ], [ -71.321991917994595, 46.749082031801976, 0.0 ], [ -71.322017723665255, 46.749064501154791, 0.0 ], [ -71.322047489171439, 46.749045718530205, 0.0 ], [ -71.322052229008378, 46.749026899757155, 0.0 ], [ -71.322036889834564, 46.749002827312118, 0.0 ], [ -71.322015944137476, 46.748981889939358, 0.0 ], [ -71.321993230324068, 46.748954847632533, 0.0 ], [ -71.32199092709979, 46.748934208176813, 0.0 ], [ -71.321970266328648, 46.748918234825503, 0.0 ], [ -71.321945698238508, 46.748906967723386, 0.0 ], [ -71.321947236576079, 46.748888486827425, 0.0 ], [ -71.321986799702799, 46.748876228290897, 0.0 ], [ -71.322003670032402, 46.748856386748024, 0.0 ], [ -71.322029867362787, 46.748843963304928, 0.0 ], [ -71.322060430185644, 46.748870742301072, 0.0 ], [ -71.32208976168063, 46.74885785550034, 0.0 ], [ -71.322132938907615, 46.748839687228568, 0.0 ], [ -71.322164532384747, 46.748803411209792, 0.0 ], [ -71.322153151223816, 46.748784852196657, 0.0 ], [ -71.322162631849736, 46.748767942605625, 0.0 ], [ -71.322192819569665, 46.748756282149309, 0.0 ], [ -71.322229494159302, 46.748744296184363, 0.0 ], [ -71.322263589730198, 46.748721083093983, 0.0 ], [ -71.322305946906738, 46.748724737200028, 0.0 ], [ -71.322339317742546, 46.748708951420447, 0.0 ], [ -71.322361892936314, 46.748693315183985, 0.0 ], [ -71.322407089572593, 46.74869003952314, 0.0 ], [ -71.322407903689125, 46.748660956932426, 0.0 ], [ -71.322434408523321, 46.74863434368028, 0.0 ], [ -71.322465258353787, 46.748624918525707, 0.0 ], [ -71.322498139141899, 46.748604458033078, 0.0 ], [ -71.322528762187162, 46.748580127263949, 0.0 ], [ -71.322547037744016, 46.748556317072165, 0.0 ], [ -71.322591493497498, 46.748532741526382, 0.0 ], [ -71.322623381018161, 46.748515823768145, 0.0 ], [ -71.322635669185857, 46.748490761104009, 0.0 ], [ -71.322662014265532, 46.748474306013676, 0.0 ], [ -71.322701662160867, 46.748458187113776, 0.0 ], [ -71.322725685966375, 46.748433687818057, 0.0 ], [ -71.322756313625717, 46.748416554167179, 0.0 ], [ -71.322786371052544, 46.748416994804806, 0.0 ], [ -71.322811449287272, 46.748427385397179, 0.0 ], [ -71.322846173188722, 46.748445488614138, 0.0 ], [ -71.322870520910669, 46.748456037387058, 0.0 ], [ -71.322921465549399, 46.74846668278397, 0.0 ], [ -71.322958389840139, 46.748478004763065, 0.0 ], [ -71.322995204775026, 46.748468383626381, 0.0 ], [ -71.323038754133663, 46.748460945178955, 0.0 ], [ -71.323079188449711, 46.748448347126505, 0.0 ], [ -71.323113428018999, 46.748447525075207, 0.0 ], [ -71.323137290724162, 46.748461459970258, 0.0 ], [ -71.323167269515793, 46.748477366085311, 0.0 ], [ -71.323191955991987, 46.748496405064635, 0.0 ], [ -71.323204811942489, 46.748515529143575, 0.0 ], [ -71.32321606789175, 46.748532721483436, 0.0 ], [ -71.323247392380551, 46.748546746621379, 0.0 ], [ -71.323290670386086, 46.748556727286037, 0.0 ], [ -71.323343172477308, 46.748566497624672, 0.0 ], [ -71.323395270634947, 46.748570369130896, 0.0 ], [ -71.323417339458246, 46.748555024217517, 0.0 ], [ -71.323412261545883, 46.748523249073372, 0.0 ], [ -71.323386020476718, 46.748485499576432, 0.0 ], [ -71.323425192468093, 46.748479396972812, 0.0 ], [ -71.323454284002779, 46.748471414649138, 0.0 ], [ -71.323486336581183, 46.748465354257746, 0.0 ], [ -71.32352446032931, 46.748472924871997, 0.0 ], [ -71.323561934555329, 46.748472223352756, 0.0 ], [ -71.323613415440263, 46.748463072246032, 0.0 ], [ -71.323663157056131, 46.74845659660366, 0.0 ], [ -71.323698039110511, 46.748457569056363, 0.0 ], [ -71.323717028379463, 46.748473770045308, 0.0 ], [ -71.323719507642963, 46.748492177065181, 0.0 ], [ -71.323719842034095, 46.748514126158483, 0.0 ], [ -71.323709747480805, 46.748538813289009, 0.0 ], [ -71.323686000888443, 46.748560863743435, 0.0 ], [ -71.323665361694509, 46.748573823338383, 0.0 ], [ -71.32365465921572, 46.748592972985321, 0.0 ], [ -71.323636859377771, 46.748613613156571, 0.0 ], [ -71.32361344489118, 46.748643722083898, 0.0 ], [ -71.323611986265306, 46.748664820416039, 0.0 ], [ -71.32362594526704, 46.748687607087021, 0.0 ], [ -71.323659345153914, 46.748701248317502, 0.0 ], [ -71.323700706570833, 46.74871513811329, 0.0 ], [ -71.32374119468588, 46.748733559428054, 0.0 ], [ -71.323778250338052, 46.748746607527863, 0.0 ], [ -71.323821205669546, 46.748755150871951, 0.0 ], [ -71.323859677747933, 46.748764950002709, 0.0 ], [ -71.32390575371744, 46.748779012702379, 0.0 ], [ -71.323961504476159, 46.748795812636153, 0.0 ], [ -71.324019716415791, 46.748809212130404, 0.0 ], [ -71.324082033451191, 46.748824021475706, 0.0 ], [ -71.324116221270643, 46.748827517824921, 0.0 ], [ -71.324173034940657, 46.748838480258549, 0.0 ], [ -71.324220151904157, 46.748845266149281, 0.0 ], [ -71.32430687896094, 46.74885406981403, 0.0 ], [ -71.324390880664751, 46.74886267713012, 0.0 ], [ -71.324469706866452, 46.748875208167412, 0.0 ], [ -71.324569346274615, 46.748893059063519, 0.0 ], [ -71.324656611885885, 46.748909703544619, 0.0 ], [ -71.324749020904591, 46.74892803822123, 0.0 ], [ -71.324817036772458, 46.748944893285604, 0.0 ], [ -71.324876179265075, 46.748957493943522, 0.0 ], [ -71.324944551968727, 46.748965133927577, 0.0 ], [ -71.32505226930617, 46.748969395410477, 0.0 ], [ -71.32512646978337, 46.748973826495181, 0.0 ], [ -71.325181606828778, 46.748977819220769, 0.0 ], [ -71.325233168843127, 46.748980830090851, 0.0 ], [ -71.325300841951758, 46.748982933053227, 0.0 ], [ -71.325357273052973, 46.748982526061717, 0.0 ], [ -71.325423001215242, 46.74898068451256, 0.0 ], [ -71.325507020391186, 46.748976695760909, 0.0 ], [ -71.325577289228363, 46.748970503040077, 0.0 ], [ -71.325636120922852, 46.748962737435171, 0.0 ], [ -71.325707278136477, 46.748953011590643, 0.0 ], [ -71.325771342385977, 46.748945064216329, 0.0 ], [ -71.325836693743568, 46.748939122737156, 0.0 ], [ -71.325903606729142, 46.748932594173041, 0.0 ], [ -71.325954284154435, 46.748925678948602, 0.0 ], [ -71.325997920814999, 46.748910249838971, 0.0 ], [ -71.326034858023093, 46.748894941043972, 0.0 ], [ -71.326078642695393, 46.748868643043373, 0.0 ], [ -71.326111922338953, 46.748846955106686, 0.0 ], [ -71.326145373864762, 46.74882966521583, 0.0 ], [ -71.326183610528304, 46.748803470203029, 0.0 ], [ -71.326222444896956, 46.748768427286223, 0.0 ], [ -71.326276039285816, 46.748726296485913, 0.0 ], [ -71.32631868777537, 46.748695040519117, 0.0 ], [ -71.326360142342338, 46.748666168238152, 0.0 ], [ -71.326408763550489, 46.748641202654753, 0.0 ], [ -71.326459334321527, 46.748613631973882, 0.0 ], [ -71.326498806980339, 46.748599816131659, 0.0 ], [ -71.326540752697355, 46.748583391416588, 0.0 ], [ -71.326582490392269, 46.748561066473648, 0.0 ], [ -71.326618123718802, 46.748535834752623, 0.0 ], [ -71.326658298389347, 46.748512297545901, 0.0 ], [ -71.326699764691625, 46.748491917767964, 0.0 ], [ -71.326752749876746, 46.74847161669306, 0.0 ], [ -71.326591040885717, 46.748340437104908, 0.0 ], [ -71.326945906494814, 46.748176340811973, 0.0 ], [ -71.327140295882316, 46.74832197500524, 0.0 ], [ -71.327183593555262, 46.748313529188778, 0.0 ], [ -71.327230480180674, 46.748304409662829, 0.0 ], [ -71.327272694337609, 46.748298715582905, 0.0 ], [ -71.327317189518809, 46.748298393910474, 0.0 ], [ -71.327359800197513, 46.74829808584559, 0.0 ], [ -71.327399309546792, 46.748300382188873, 0.0 ], [ -71.327430120579052, 46.748302174631931, 0.0 ], [ -71.327469929837761, 46.748303542141038, 0.0 ], [ -71.327511260993575, 46.748308569210124, 0.0 ], [ -71.327557827986666, 46.748313630372671, 0.0 ], [ -71.327609924110732, 46.748317365027027, 0.0 ], [ -71.327665356973469, 46.74832019386568, 0.0 ], [ -71.327721413740107, 46.74832273927268, 0.0 ], [ -71.327785455808197, 46.748327089168598, 0.0 ], [ -71.327840841585186, 46.748326841453938, 0.0 ], [ -71.327892209160623, 46.748324022789063, 0.0 ], [ -71.32793055286578, 46.748319427053055, 0.0 ], [ -71.327989488055522, 46.748310795821943, 0.0 ], [ -71.328060376167329, 46.748297255935618, 0.0 ], [ -71.328119688484747, 46.748287614298498, 0.0 ], [ -71.328165943429454, 46.748271445690555, 0.0 ], [ -71.328195718470553, 46.748253453086441, 0.0 ], [ -71.328226247268276, 46.748229985136518, 0.0 ], [ -71.328238617619149, 46.748203625773918, 0.0 ], [ -71.328234253408056, 46.748178467111053, 0.0 ], [ -71.328243660367278, 46.748156879356756, 0.0 ], [ -71.328279463558232, 46.748149638921731, 0.0 ], [ -71.32832161454084, 46.748146670856599, 0.0 ], [ -71.328364399103933, 46.748130383343415, 0.0 ], [ -71.328382906675913, 46.74810822589523, 0.0 ], [ -71.328412525091224, 46.748093689030682, 0.0 ], [ -71.328441734749916, 46.748093477573917, 0.0 ], [ -71.328478526370532, 46.748082415397285, 0.0 ], [ -71.328519257754934, 46.748068805659635, 0.0 ], [ -71.328556313798074, 46.748062723365216, 0.0 ], [ -71.328330415215163, 46.747857405088979, 0.0 ], [ -71.328327070647546, 46.747854379478724, 0.0 ], [ -71.3292904875006, 46.747562374122218, 0.0 ], [ -71.333275192089218, 46.746354506258243, 0.0 ], [ -71.333277458851981, 46.746353824009809, 0.0 ] ] ], [ [ [ -71.348720257483606, 46.87162679960052, 0.0 ], [ -71.349378932834099, 46.871340738155844, 0.0 ], [ -71.350448518996757, 46.872498970504758, 0.0 ], [ -71.349790589397415, 46.872784710885419, 0.0 ], [ -71.349789835329076, 46.872785038102222, 0.0 ], [ -71.34936199865713, 46.872321744864394, 0.0 ], [ -71.349260661333332, 46.8723657544746, 0.0 ], [ -71.348871337958428, 46.871944155001913, 0.0 ], [ -71.348972673176831, 46.871900145748405, 0.0 ], [ -71.348720257483606, 46.87162679960052, 0.0 ] ] ] ] } }
]
}
